"","N","quadrant","species","specimen"
"1",3.558803388,"UR","A. rupestris","Arup_1"
"2",3.528323232,"UR","A. rupestris","Arup_1"
"3",3.523566837,"UR","A. rupestris","Arup_1"
"4",2.9881929,"UR","A. rupestris","Arup_1"
"5",4.281844077,"UR","A. rupestris","Arup_1"
"6",4.955457486,"UR","A. rupestris","Arup_1"
"7",3.751609008,"UR","A. rupestris","Arup_1"
"8",4.941168687,"UR","A. rupestris","Arup_1"
"9",4.639113087,"UR","A. rupestris","Arup_1"
"10",5.992998858,"UL","A. rupestris","Arup_1"
"11",3.211615974,"UR","A. rupestris","Arup_1"
"12",4.09550127,"UR","A. rupestris","Arup_1"
"13",4.421868423,"UR","A. rupestris","Arup_1"
"14",4.081359576,"UR","A. rupestris","Arup_1"
"15",6.448082886,"UR","A. rupestris","Arup_1"
"16",4.198268823,"UR","A. rupestris","Arup_1"
"17",7.786051896,"UR","A. rupestris","Arup_1"
"18",6.731877852,"UR","A. rupestris","Arup_1"
"19",5.396439048,"UL","A. rupestris","Arup_1"
"20",4.772723655,"UL","A. rupestris","Arup_1"
"21",4.658982069,"UL","A. rupestris","Arup_1"
"22",6.239085909,"UL","A. rupestris","Arup_1"
"23",5.049379125,"UR","A. rupestris","Arup_1"
"24",3.653744955,"UR","A. rupestris","Arup_1"
"25",6.716775072,"UR","A. rupestris","Arup_1"
"26",6.279863415,"UR","A. rupestris","Arup_1"
"27",6.535649589,"UR","A. rupestris","Arup_1"
"28",10.13062119,"UR","A. rupestris","Arup_1"
"29",7.256356212,"UR","A. rupestris","Arup_1"
"30",7.752315816,"UL","A. rupestris","Arup_1"
"31",8.09126535,"UL","A. rupestris","Arup_1"
"32",7.569405459,"UL","A. rupestris","Arup_1"
"33",7.484172822,"UL","A. rupestris","Arup_1"
"34",6.69553311,"UL","A. rupestris","Arup_1"
"35",14.03863224,"UL","A. rupestris","Arup_1"
"36",5.62676625,"UL","A. rupestris","Arup_1"
"37",4.069551948,"UL","A. rupestris","Arup_1"
"38",2.546936742,"UL","A. rupestris","Arup_1"
"39",5.74719621,"UR","A. rupestris","Arup_1"
"40",8.130179526,"UR","A. rupestris","Arup_1"
"41",6.552037086,"UR","A. rupestris","Arup_1"
"42",7.413219177,"UR","A. rupestris","Arup_1"
"43",9.327114069,"UR","A. rupestris","Arup_1"
"44",7.375413192,"UR","A. rupestris","Arup_1"
"45",10.82821272,"UL","A. rupestris","Arup_1"
"46",9.281472291,"UL","A. rupestris","Arup_1"
"47",12.03539558,"UL","A. rupestris","Arup_1"
"48",5.900499234,"UL","A. rupestris","Arup_1"
"49",8.96389221,"UL","A. rupestris","Arup_1"
"50",13.28528792,"UL","A. rupestris","Arup_1"
"51",6.655206726,"UL","A. rupestris","Arup_1"
"52",6.3019782,"UL","A. rupestris","Arup_1"
"53",6.634151097,"UL","A. rupestris","Arup_1"
"54",9.173536449,"LR","A. rupestris","Arup_1"
"55",6.764240952,"LR","A. rupestris","Arup_1"
"56",7.202662887,"LR","A. rupestris","Arup_1"
"57",6.211341906,"LR","A. rupestris","Arup_1"
"58",11.26250591,"LR","A. rupestris","Arup_1"
"59",9.626423709,"LR","A. rupestris","Arup_1"
"60",11.39712659,"LL","A. rupestris","Arup_1"
"61",9.552361245,"LL","A. rupestris","Arup_1"
"62",10.31852331,"LL","A. rupestris","Arup_1"
"63",8.611487472,"LL","A. rupestris","Arup_1"
"64",8.322190779,"LL","A. rupestris","Arup_1"
"65",13.76472273,"LL","A. rupestris","Arup_1"
"66",6.909482622,"LL","A. rupestris","Arup_1"
"67",5.359907973,"LL","A. rupestris","Arup_1"
"68",8.561726754,"LR","A. rupestris","Arup_1"
"69",6.474218541,"LR","A. rupestris","Arup_1"
"70",8.357025243,"LR","A. rupestris","Arup_1"
"71",7.712077695,"LR","A. rupestris","Arup_1"
"72",8.379179256,"LR","A. rupestris","Arup_1"
"73",7.882680267,"LL","A. rupestris","Arup_1"
"74",9.150195789,"LL","A. rupestris","Arup_1"
"75",10.31852331,"LL","A. rupestris","Arup_1"
"76",6.908609799,"LL","A. rupestris","Arup_1"
"77",13.99816856,"LL","A. rupestris","Arup_1"
"78",7.179910647,"LL","A. rupestris","Arup_1"
"79",2.981828157,"LR","A. rupestris","Arup_1"
"80",6.400891602,"LR","A. rupestris","Arup_1"
"81",7.773371445,"LR","A. rupestris","Arup_1"
"82",8.533119735,"LR","A. rupestris","Arup_1"
"83",5.377482117,"LR","A. rupestris","Arup_1"
"84",5.217373035,"LL","A. rupestris","Arup_1"
"85",8.271704343,"LL","A. rupestris","Arup_1"
"86",8.83591086,"LL","A. rupestris","Arup_1"
"87",6.524616714,"LL","A. rupestris","Arup_1"
"88",4.951515072,"LL","A. rupestris","Arup_1"
"89",3.75274662,"LL","A. rupestris","Arup_1"
"90",7.398577326,"LR","A. rupestris","Arup_1"
"91",7.667132214,"LR","A. rupestris","Arup_1"
"92",6.957634992,"LR","A. rupestris","Arup_1"
"93",8.176958916,"LR","A. rupestris","Arup_1"
"94",6.563805486,"LL","A. rupestris","Arup_1"
"95",8.936618943,"LL","A. rupestris","Arup_1"
"96",5.029657248,"LL","A. rupestris","Arup_1"
"97",6.282472077,"LR","A. rupestris","Arup_1"
"98",6.194179656,"LR","A. rupestris","Arup_1"
"99",4.303223337,"LL","A. rupestris","Arup_1"
"100",5.751825114,"LL","A. rupestris","Arup_1"
"101",0.424515609,"UR","A. rupestris","Arup_2"
"102",1.403705331,"UR","A. rupestris","Arup_2"
"103",1.385425083,"UR","A. rupestris","Arup_2"
"104",0.685940808,"UR","A. rupestris","Arup_2"
"105",4.514740713,"UR","A. rupestris","Arup_2"
"106",5.315256702,"UL","A. rupestris","Arup_2"
"107",4.796848875,"UL","A. rupestris","Arup_2"
"108",0.727522488,"UR","A. rupestris","Arup_2"
"109",1.096775652,"UR","A. rupestris","Arup_2"
"110",1.730611869,"UR","A. rupestris","Arup_2"
"111",2.235956772,"UR","A. rupestris","Arup_2"
"112",2.680763064,"UR","A. rupestris","Arup_2"
"113",2.220775536,"UR","A. rupestris","Arup_2"
"114",4.449180918,"UR","A. rupestris","Arup_2"
"115",7.73174073,"UL","A. rupestris","Arup_2"
"116",4.746117264,"UL","A. rupestris","Arup_2"
"117",5.938393482,"UL","A. rupestris","Arup_2"
"118",5.66364057,"UL","A. rupestris","Arup_2"
"119",6.271252869,"UL","A. rupestris","Arup_2"
"120",4.935598311,"UL","A. rupestris","Arup_2"
"121",5.419622796,"UL","A. rupestris","Arup_2"
"122",0.819433692,"UR","A. rupestris","Arup_2"
"123",1.333683351,"UR","A. rupestris","Arup_2"
"124",2.497568304,"UR","A. rupestris","Arup_2"
"125",2.612643642,"UR","A. rupestris","Arup_2"
"126",2.626736301,"UR","A. rupestris","Arup_2"
"127",2.727542454,"UR","A. rupestris","Arup_2"
"128",7.755130425,"UR","A. rupestris","Arup_2"
"129",7.924565964,"UL","A. rupestris","Arup_2"
"130",7.729720488,"UL","A. rupestris","Arup_2"
"131",10.20486018,"UL","A. rupestris","Arup_2"
"132",6.672074766,"UL","A. rupestris","Arup_2"
"133",6.120735033,"UL","A. rupestris","Arup_2"
"134",8.112723066,"UL","A. rupestris","Arup_2"
"135",6.874883526,"UL","A. rupestris","Arup_2"
"136",0.887553114,"UR","A. rupestris","Arup_2"
"137",1.475610255,"UR","A. rupestris","Arup_2"
"138",2.45694771,"UR","A. rupestris","Arup_2"
"139",2.656412283,"UR","A. rupestris","Arup_2"
"140",2.663571393,"UR","A. rupestris","Arup_2"
"141",5.53771869,"UR","A. rupestris","Arup_2"
"142",9.044319417,"UL","A. rupestris","Arup_2"
"143",8.537719218,"UL","A. rupestris","Arup_2"
"144",9.531354651,"UL","A. rupestris","Arup_2"
"145",7.846904331,"UL","A. rupestris","Arup_2"
"146",7.877306031,"UL","A. rupestris","Arup_2"
"147",7.368156012,"UL","A. rupestris","Arup_2"
"148",5.243459655,"UL","A. rupestris","Arup_2"
"149",1.619223963,"LR","A. rupestris","Arup_2"
"150",2.482847997,"LR","A. rupestris","Arup_2"
"151",2.374107981,"LR","A. rupestris","Arup_2"
"152",2.648939349,"LR","A. rupestris","Arup_2"
"153",6.864988263,"LR","A. rupestris","Arup_2"
"154",7.702427607,"LL","A. rupestris","Arup_2"
"155",7.252345149,"LL","A. rupestris","Arup_2"
"156",8.653481046,"LL","A. rupestris","Arup_2"
"157",7.363301547,"LL","A. rupestris","Arup_2"
"158",6.424379367,"LL","A. rupestris","Arup_2"
"159",6.802213656,"LL","A. rupestris","Arup_2"
"160",5.940041058,"LL","A. rupestris","Arup_2"
"161",2.56737453,"LR","A. rupestris","Arup_2"
"162",2.668082613,"LR","A. rupestris","Arup_2"
"163",3.427438623,"LR","A. rupestris","Arup_2"
"164",5.426007153,"LR","A. rupestris","Arup_2"
"165",8.966697012,"LL","A. rupestris","Arup_2"
"166",8.118499389,"LL","A. rupestris","Arup_2"
"167",8.409090606,"LL","A. rupestris","Arup_2"
"168",5.529108144,"LL","A. rupestris","Arup_2"
"169",6.050448264,"LL","A. rupestris","Arup_2"
"170",1.423044735,"LR","A. rupestris","Arup_2"
"171",3.234711459,"LR","A. rupestris","Arup_2"
"172",2.100139629,"LR","A. rupestris","Arup_2"
"173",5.30078157,"LR","A. rupestris","Arup_2"
"174",7.705546233,"LL","A. rupestris","Arup_2"
"175",6.63580848,"LL","A. rupestris","Arup_2"
"176",6.667946019,"LL","A. rupestris","Arup_2"
"177",2.465793624,"LR","A. rupestris","Arup_2"
"178",2.703417234,"LR","A. rupestris","Arup_2"
"179",4.265250633,"LR","A. rupestris","Arup_2"
"180",6.379826166,"LL","A. rupestris","Arup_2"
"181",6.758896137,"LL","A. rupestris","Arup_2"
"182",4.53740469,"LR","A. rupestris","Arup_2"
"183",7.792867761,"LL","A. rupestris","Arup_2"
"184",2.806331892,"UR","A. rupestris","Arup_3"
"185",4.134013359,"UR","A. rupestris","Arup_3"
"186",3.062716293,"UR","A. rupestris","Arup_3"
"187",2.888387061,"UR","A. rupestris","Arup_3"
"188",5.094265764,"UR","A. rupestris","Arup_3"
"189",5.544946449,"UR","A. rupestris","Arup_3"
"190",4.437981324,"UR","A. rupestris","Arup_3"
"191",3.879001938,"UR","A. rupestris","Arup_3"
"192",5.399469411,"UR","A. rupestris","Arup_3"
"193",3.131267223,"UR","A. rupestris","Arup_3"
"194",4.264524915,"UR","A. rupestris","Arup_3"
"195",6.974571681,"UR","A. rupestris","Arup_3"
"196",5.304272862,"UL","A. rupestris","Arup_3"
"197",3.878403711,"UL","A. rupestris","Arup_3"
"198",5.211949764,"UL","A. rupestris","Arup_3"
"199",5.369018676,"UR","A. rupestris","Arup_3"
"200",4.003923504,"UR","A. rupestris","Arup_3"
"201",7.310412396,"UR","A. rupestris","Arup_3"
"202",8.075407431,"UR","A. rupestris","Arup_3"
"203",7.967520624,"UR","A. rupestris","Arup_3"
"204",9.516242064,"UR","A. rupestris","Arup_3"
"205",6.230593047,"UL","A. rupestris","Arup_3"
"206",7.236732405,"UL","A. rupestris","Arup_3"
"207",6.82125885,"UL","A. rupestris","Arup_3"
"208",6.528196269,"UL","A. rupestris","Arup_3"
"209",5.391368829,"UR","A. rupestris","Arup_3"
"210",7.292279253,"UR","A. rupestris","Arup_3"
"211",8.032403736,"UR","A. rupestris","Arup_3"
"212",5.836420296,"UR","A. rupestris","Arup_3"
"213",7.583782521,"UR","A. rupestris","Arup_3"
"214",9.030256179,"UR","A. rupestris","Arup_3"
"215",4.227934998,"UL","A. rupestris","Arup_3"
"216",5.080163298,"UL","A. rupestris","Arup_3"
"217",5.9087175,"UL","A. rupestris","Arup_3"
"218",8.231789853,"UL","A. rupestris","Arup_3"
"219",7.301664552,"UL","A. rupestris","Arup_3"
"220",6.876256506,"UL","A. rupestris","Arup_3"
"221",6.80184099,"UL","A. rupestris","Arup_3"
"222",8.129257668,"LR","A. rupestris","Arup_3"
"223",7.923977544,"LR","A. rupestris","Arup_3"
"224",8.68439271,"LR","A. rupestris","Arup_3"
"225",9.79209336,"LR","A. rupestris","Arup_3"
"226",10.04322121,"LR","A. rupestris","Arup_3"
"227",9.536571975,"LL","A. rupestris","Arup_3"
"228",8.457399888,"LL","A. rupestris","Arup_3"
"229",8.127109935,"LL","A. rupestris","Arup_3"
"230",9.786925071,"LL","A. rupestris","Arup_3"
"231",5.661031908,"LL","A. rupestris","Arup_3"
"232",8.502364983,"LL","A. rupestris","Arup_3"
"233",4.51582929,"LL","A. rupestris","Arup_3"
"234",6.755002758,"LR","A. rupestris","Arup_3"
"235",7.980201075,"LR","A. rupestris","Arup_3"
"236",6.857211312,"LR","A. rupestris","Arup_3"
"237",8.789847381,"LR","A. rupestris","Arup_3"
"238",9.005846556,"LR","A. rupestris","Arup_3"
"239",8.363478249,"LL","A. rupestris","Arup_3"
"240",9.594139065,"LL","A. rupestris","Arup_3"
"241",7.282295727,"LL","A. rupestris","Arup_3"
"242",7.633190187,"LL","A. rupestris","Arup_3"
"243",8.123579415,"LL","A. rupestris","Arup_3"
"244",7.565649378,"LL","A. rupestris","Arup_3"
"245",6.352170426,"LR","A. rupestris","Arup_3"
"246",7.085616342,"LR","A. rupestris","Arup_3"
"247",6.043848153,"LR","A. rupestris","Arup_3"
"248",7.145507691,"LR","A. rupestris","Arup_3"
"249",9.949348605,"LR","A. rupestris","Arup_3"
"250",8.180087349,"LL","A. rupestris","Arup_3"
"251",7.49764764,"LL","A. rupestris","Arup_3"
"252",8.007493956,"LL","A. rupestris","Arup_3"
"253",4.898920131,"LL","A. rupestris","Arup_3"
"254",6.511573404,"LR","A. rupestris","Arup_3"
"255",6.837881715,"LR","A. rupestris","Arup_3"
"256",4.389162078,"LR","A. rupestris","Arup_3"
"257",6.838381872,"LR","A. rupestris","Arup_3"
"258",8.75353206,"LR","A. rupestris","Arup_3"
"259",4.53926802,"LL","A. rupestris","Arup_3"
"260",7.308068523,"LL","A. rupestris","Arup_3"
"261",8.233849323,"LL","A. rupestris","Arup_3"
"262",2.638543929,"UR","A. rupestris","Arup_4"
"263",3.37694238,"UR","A. rupestris","Arup_4"
"264",4.403686245,"UR","A. rupestris","Arup_4"
"265",3.787188804,"UR","A. rupestris","Arup_4"
"266",4.066747146,"UR","A. rupestris","Arup_4"
"267",5.280961623,"UR","A. rupestris","Arup_4"
"268",4.694091129,"UR","A. rupestris","Arup_4"
"269",7.136534286,"UL","A. rupestris","Arup_4"
"270",6.427037064,"UL","A. rupestris","Arup_4"
"271",6.310039554,"UL","A. rupestris","Arup_4"
"272",2.417827587,"UR","A. rupestris","Arup_4"
"273",2.341587969,"UR","A. rupestris","Arup_4"
"274",4.971227142,"UR","A. rupestris","Arup_4"
"275",5.797721874,"UR","A. rupestris","Arup_4"
"276",5.058097548,"UR","A. rupestris","Arup_4"
"277",6.899744271,"UR","A. rupestris","Arup_4"
"278",6.244097286,"UR","A. rupestris","Arup_4"
"279",7.219236717,"UR","A. rupestris","Arup_4"
"280",7.627060812,"UR","A. rupestris","Arup_4"
"281",7.528647567,"UL","A. rupestris","Arup_4"
"282",5.318649924,"UL","A. rupestris","Arup_4"
"283",8.713745061,"UL","A. rupestris","Arup_4"
"284",6.680812803,"UL","A. rupestris","Arup_4"
"285",7.425899628,"UL","A. rupestris","Arup_4"
"286",8.747402685,"UL","A. rupestris","Arup_4"
"287",5.545132782,"UL","A. rupestris","Arup_4"
"288",6.094864167,"UL","A. rupestris","Arup_4"
"289",4.459272321,"UR","A. rupestris","Arup_4"
"290",6.501629106,"UR","A. rupestris","Arup_4"
"291",4.305135702,"UR","A. rupestris","Arup_4"
"292",4.940040882,"UR","A. rupestris","Arup_4"
"293",6.703898481,"UR","A. rupestris","Arup_4"
"294",6.858672555,"UR","A. rupestris","Arup_4"
"295",7.111075314,"UR","A. rupestris","Arup_4"
"296",6.966373029,"UR","A. rupestris","Arup_4"
"297",7.613183907,"UL","A. rupestris","Arup_4"
"298",8.713833324,"UL","A. rupestris","Arup_4"
"299",9.646518252,"UL","A. rupestris","Arup_4"
"300",8.645468727,"UL","A. rupestris","Arup_4"
"301",10.16740725,"UL","A. rupestris","Arup_4"
"302",7.896959259,"UL","A. rupestris","Arup_4"
"303",5.771301816,"UL","A. rupestris","Arup_4"
"304",5.348463204,"UL","A. rupestris","Arup_4"
"305",4.800653991,"UR","A. rupestris","Arup_4"
"306",8.450672286,"UR","A. rupestris","Arup_4"
"307",6.389397798,"UR","A. rupestris","Arup_4"
"308",6.843334407,"UR","A. rupestris","Arup_4"
"309",6.538219023,"UR","A. rupestris","Arup_4"
"310",9.127796601,"UR","A. rupestris","Arup_4"
"311",12.60302474,"UR","A. rupestris","Arup_4"
"312",9.458223852,"UL","A. rupestris","Arup_4"
"313",11.94092474,"UL","A. rupestris","Arup_4"
"314",10.50983827,"UL","A. rupestris","Arup_4"
"315",10.61543024,"UL","A. rupestris","Arup_4"
"316",8.284992828,"UL","A. rupestris","Arup_4"
"317",4.14335943,"UL","A. rupestris","Arup_4"
"318",9.984967629,"UL","A. rupestris","Arup_4"
"319",6.892281144,"LR","A. rupestris","Arup_4"
"320",9.152157189,"LR","A. rupestris","Arup_4"
"321",6.892928406,"LR","A. rupestris","Arup_4"
"322",5.395164138,"LR","A. rupestris","Arup_4"
"323",9.836646561,"LR","A. rupestris","Arup_4"
"324",11.02495094,"LR","A. rupestris","Arup_4"
"325",11.81975926,"LL","A. rupestris","Arup_4"
"326",9.973983789,"LL","A. rupestris","Arup_4"
"327",7.162866081,"LL","A. rupestris","Arup_4"
"328",10.39284076,"LL","A. rupestris","Arup_4"
"329",7.967157765,"LL","A. rupestris","Arup_4"
"330",6.533639154,"LL","A. rupestris","Arup_4"
"331",7.466284854,"LR","A. rupestris","Arup_4"
"332",8.023753962,"LR","A. rupestris","Arup_4"
"333",7.181460153,"LR","A. rupestris","Arup_4"
"334",9.631317402,"LR","A. rupestris","Arup_4"
"335",9.606319359,"LR","A. rupestris","Arup_4"
"336",7.70261394,"LR","A. rupestris","Arup_4"
"337",10.66795653,"LL","A. rupestris","Arup_4"
"338",10.25889675,"LL","A. rupestris","Arup_4"
"339",8.419986183,"LL","A. rupestris","Arup_4"
"340",7.145193867,"LL","A. rupestris","Arup_4"
"341",5.740341117,"LL","A. rupestris","Arup_4"
"342",7.133013573,"LR","A. rupestris","Arup_4"
"343",6.419524902,"LR","A. rupestris","Arup_4"
"344",7.622892837,"LR","A. rupestris","Arup_4"
"345",10.45736101,"LR","A. rupestris","Arup_4"
"346",12.82602611,"LR","A. rupestris","Arup_4"
"347",7.779863679,"LL","A. rupestris","Arup_4"
"348",9.803449866,"LL","A. rupestris","Arup_4"
"349",7.30170378,"LL","A. rupestris","Arup_4"
"350",6.670142787,"LL","A. rupestris","Arup_4"
"351",8.074946502,"LR","A. rupestris","Arup_4"
"352",8.41087548,"LR","A. rupestris","Arup_4"
"353",5.87135283,"LR","A. rupestris","Arup_4"
"354",9.686501391,"LR","A. rupestris","Arup_4"
"355",9.45914571,"LL","A. rupestris","Arup_4"
"356",10.76104457,"LL","A. rupestris","Arup_4"
"357",5.341362936,"LL","A. rupestris","Arup_4"
"358",6.45163302,"LR","A. rupestris","Arup_4"
"359",6.017016201,"LR","A. rupestris","Arup_4"
"360",5.621146839,"LR","A. rupestris","Arup_4"
"361",6.317414418,"LR","A. rupestris","Arup_4"
"362",5.823180846,"LL","A. rupestris","Arup_4"
"363",5.498794707,"LL","A. rupestris","Arup_4"
"364",1.211900025,"UR","L. gibbosus","Lgib_1"
"365",2.877648396,"UR","L. gibbosus","Lgib_1"
"366",2.864516823,"UR","L. gibbosus","Lgib_1"
"367",3.835694226,"UR","L. gibbosus","Lgib_1"
"368",1.772448531,"UR","L. gibbosus","Lgib_1"
"369",3.417553167,"UR","L. gibbosus","Lgib_1"
"370",2.922917508,"UR","L. gibbosus","Lgib_1"
"371",2.156216055,"UR","L. gibbosus","Lgib_1"
"372",1.644231813,"UL","L. gibbosus","Lgib_1"
"373",2.133552078,"UL","L. gibbosus","Lgib_1"
"374",3.20012217,"UR","L. gibbosus","Lgib_1"
"375",3.036306042,"UR","L. gibbosus","Lgib_1"
"376",5.278107786,"UR","L. gibbosus","Lgib_1"
"377",4.502383893,"UR","L. gibbosus","Lgib_1"
"378",3.788267574,"UL","L. gibbosus","Lgib_1"
"379",2.654548953,"UL","L. gibbosus","Lgib_1"
"380",2.440599441,"UL","L. gibbosus","Lgib_1"
"381",2.171093274,"UL","L. gibbosus","Lgib_1"
"382",5.824553826,"UR","L. gibbosus","Lgib_1"
"383",7.82981073,"UR","L. gibbosus","Lgib_1"
"384",5.39012334,"UR","L. gibbosus","Lgib_1"
"385",5.310019764,"UR","L. gibbosus","Lgib_1"
"386",5.808215364,"UL","L. gibbosus","Lgib_1"
"387",5.11405629,"UL","L. gibbosus","Lgib_1"
"388",4.221285852,"UL","L. gibbosus","Lgib_1"
"389",5.003148927,"UL","L. gibbosus","Lgib_1"
"390",3.527685777,"UL","L. gibbosus","Lgib_1"
"391",1.784756316,"UL","L. gibbosus","Lgib_1"
"392",5.850189324,"LR","L. gibbosus","Lgib_1"
"393",5.497686516,"LR","L. gibbosus","Lgib_1"
"394",5.449720479,"LR","L. gibbosus","Lgib_1"
"395",4.686353406,"LL","L. gibbosus","Lgib_1"
"396",4.677929193,"LL","L. gibbosus","Lgib_1"
"397",2.980092318,"LL","L. gibbosus","Lgib_1"
"398",5.337116505,"LL","L. gibbosus","Lgib_1"
"399",4.576171761,"LL","L. gibbosus","Lgib_1"
"400",4.054949325,"LL","L. gibbosus","Lgib_1"
"401",3.835507893,"LL","L. gibbosus","Lgib_1"
"402",1.100168874,"LR","L. gibbosus","Lgib_1"
"403",3.838391151,"LR","L. gibbosus","Lgib_1"
"404",4.169524506,"LR","L. gibbosus","Lgib_1"
"405",5.380090779,"LL","L. gibbosus","Lgib_1"
"406",3.922888263,"LL","L. gibbosus","Lgib_1"
"407",3.47481624,"LL","L. gibbosus","Lgib_1"
"408",3.383130597,"LL","L. gibbosus","Lgib_1"
"409",6.266457246,"LR","L. gibbosus","Lgib_1"
"410",3.337724187,"LR","L. gibbosus","Lgib_1"
"411",5.168024211,"LL","L. gibbosus","Lgib_1"
"412",4.388544237,"LL","L. gibbosus","Lgib_1"
"413",2.531696664,"LL","L. gibbosus","Lgib_1"
"414",4.227052368,"LR","L. gibbosus","Lgib_1"
"415",4.444208769,"LR","L. gibbosus","Lgib_1"
"416",1.390877775,"UR","L. gibbosus","Lgib_2"
"417",1.653979971,"UR","L. gibbosus","Lgib_2"
"418",1.848109536,"UR","L. gibbosus","Lgib_2"
"419",1.735368264,"UR","L. gibbosus","Lgib_2"
"420",1.731474885,"UR","L. gibbosus","Lgib_2"
"421",1.568521773,"UR","L. gibbosus","Lgib_2"
"422",1.688451576,"UR","L. gibbosus","Lgib_2"
"423",2.018064846,"UR","L. gibbosus","Lgib_2"
"424",1.943825856,"UR","L. gibbosus","Lgib_2"
"425",1.717519524,"UR","L. gibbosus","Lgib_2"
"426",1.762563075,"UL","L. gibbosus","Lgib_2"
"427",1.509660159,"UL","L. gibbosus","Lgib_2"
"428",1.897870254,"UR","L. gibbosus","Lgib_2"
"429",2.541533085,"UR","L. gibbosus","Lgib_2"
"430",3.052458171,"UR","L. gibbosus","Lgib_2"
"431",2.603101431,"UR","L. gibbosus","Lgib_2"
"432",2.369331972,"UR","L. gibbosus","Lgib_2"
"433",2.46724506,"UL","L. gibbosus","Lgib_2"
"434",2.233436373,"UL","L. gibbosus","Lgib_2"
"435",1.849119657,"UL","L. gibbosus","Lgib_2"
"436",2.809862412,"UR","L. gibbosus","Lgib_2"
"437",2.161109748,"UR","L. gibbosus","Lgib_2"
"438",2.77489065,"UR","L. gibbosus","Lgib_2"
"439",4.33989171,"UR","L. gibbosus","Lgib_2"
"440",3.593500554,"UL","L. gibbosus","Lgib_2"
"441",2.864516823,"UL","L. gibbosus","Lgib_2"
"442",3.015701535,"UL","L. gibbosus","Lgib_2"
"443",4.077015075,"UL","L. gibbosus","Lgib_2"
"444",2.400959547,"UL","L. gibbosus","Lgib_2"
"445",2.613398781,"UL","L. gibbosus","Lgib_2"
"446",1.711753008,"LR","L. gibbosus","Lgib_2"
"447",3.352689669,"LR","L. gibbosus","Lgib_2"
"448",2.962557402,"LR","L. gibbosus","Lgib_2"
"449",3.718647681,"LR","L. gibbosus","Lgib_2"
"450",2.843961351,"LL","L. gibbosus","Lgib_2"
"451",3.602709327,"LL","L. gibbosus","Lgib_2"
"452",3.778382118,"LL","L. gibbosus","Lgib_2"
"453",4.945562223,"LL","L. gibbosus","Lgib_2"
"454",3.350904795,"LL","L. gibbosus","Lgib_2"
"455",2.745185247,"LL","L. gibbosus","Lgib_2"
"456",1.711753008,"LR","L. gibbosus","Lgib_2"
"457",2.000951631,"LR","L. gibbosus","Lgib_2"
"458",1.825543629,"LR","L. gibbosus","Lgib_2"
"459",2.167523526,"LR","L. gibbosus","Lgib_2"
"460",2.808391362,"LL","L. gibbosus","Lgib_2"
"461",3.216058545,"LL","L. gibbosus","Lgib_2"
"462",2.764681563,"LL","L. gibbosus","Lgib_2"
"463",2.147379948,"LR","L. gibbosus","Lgib_2"
"464",2.480837562,"LR","L. gibbosus","Lgib_2"
"465",3.400979337,"LR","L. gibbosus","Lgib_2"
"466",3.13068861,"LL","L. gibbosus","Lgib_2"
"467",2.483495259,"LL","L. gibbosus","Lgib_2"
"468",2.056017936,"LR","L. gibbosus","Lgib_2"
"469",1.812774915,"UR","L. gibbosus","Lgib_3"
"470",2.125912425,"UR","L. gibbosus","Lgib_3"
"471",2.478591759,"UR","L. gibbosus","Lgib_3"
"472",1.669592715,"UR","L. gibbosus","Lgib_3"
"473",1.381992633,"UL","L. gibbosus","Lgib_3"
"474",1.765122702,"UR","L. gibbosus","Lgib_3"
"475",2.474659152,"UR","L. gibbosus","Lgib_3"
"476",2.370704952,"UR","L. gibbosus","Lgib_3"
"477",2.852424792,"UR","L. gibbosus","Lgib_3"
"478",2.517917829,"UR","L. gibbosus","Lgib_3"
"479",2.227895418,"UR","L. gibbosus","Lgib_3"
"480",3.537159339,"UL","L. gibbosus","Lgib_3"
"481",1.931508264,"UL","L. gibbosus","Lgib_3"
"482",1.677555999,"UL","L. gibbosus","Lgib_3"
"483",2.311794303,"UR","L. gibbosus","Lgib_3"
"484",3.490968369,"UR","L. gibbosus","Lgib_3"
"485",3.324582807,"UR","L. gibbosus","Lgib_3"
"486",3.81060792,"UR","L. gibbosus","Lgib_3"
"487",3.566590146,"UR","L. gibbosus","Lgib_3"
"488",3.780627921,"UL","L. gibbosus","Lgib_3"
"489",3.230749431,"UL","L. gibbosus","Lgib_3"
"490",1.524723711,"UL","L. gibbosus","Lgib_3"
"491",1.743429618,"UL","L. gibbosus","Lgib_3"
"492",3.012916347,"UL","L. gibbosus","Lgib_3"
"493",2.701465641,"UL","L. gibbosus","Lgib_3"
"494",5.75141322,"LR","L. gibbosus","Lgib_3"
"495",4.125481269,"LR","L. gibbosus","Lgib_3"
"496",4.310912025,"LR","L. gibbosus","Lgib_3"
"497",4.64479134,"LL","L. gibbosus","Lgib_3"
"498",4.711841799,"LL","L. gibbosus","Lgib_3"
"499",3.992969085,"LL","L. gibbosus","Lgib_3"
"500",4.077878091,"LL","L. gibbosus","Lgib_3"
"501",2.821581777,"LL","L. gibbosus","Lgib_3"
"502",3.740026941,"LL","L. gibbosus","Lgib_3"
"503",2.946993693,"LL","L. gibbosus","Lgib_3"
"504",3.866772609,"LR","L. gibbosus","Lgib_3"
"505",2.614585428,"LR","L. gibbosus","Lgib_3"
"506",3.600002595,"LR","L. gibbosus","Lgib_3"
"507",3.491203737,"LL","L. gibbosus","Lgib_3"
"508",3.825073245,"LL","L. gibbosus","Lgib_3"
"509",2.853846807,"LL","L. gibbosus","Lgib_3"
"510",3.320964024,"LL","L. gibbosus","Lgib_3"
"511",3.687569298,"LL","L. gibbosus","Lgib_3"
"512",3.484476135,"LR","L. gibbosus","Lgib_3"
"513",3.75000066,"LR","L. gibbosus","Lgib_3"
"514",3.569424369,"LL","L. gibbosus","Lgib_3"
"515",3.571895733,"LL","L. gibbosus","Lgib_3"
"516",2.063059362,"LL","L. gibbosus","Lgib_3"
"517",0.92499624,"LL","L. gibbosus","Lgib_3"
"518",3.906824397,"LR","L. gibbosus","Lgib_3"
"519",3.548741406,"LR","L. gibbosus","Lgib_3"
"520",4.087037829,"LL","L. gibbosus","Lgib_3"
"521",3.224021829,"LL","L. gibbosus","Lgib_3"
"522",2.486329482,"UR","L. gibbosus","Lgib_4"
"523",2.184087549,"UR","L. gibbosus","Lgib_4"
"524",2.05564527,"UR","L. gibbosus","Lgib_4"
"525",2.159138541,"UR","L. gibbosus","Lgib_4"
"526",2.485642992,"UR","L. gibbosus","Lgib_4"
"527",3.908834832,"UR","L. gibbosus","Lgib_4"
"528",3.070728612,"UR","L. gibbosus","Lgib_4"
"529",4.032334383,"UR","L. gibbosus","Lgib_4"
"530",3.619871577,"UL","L. gibbosus","Lgib_4"
"531",3.512710488,"UL","L. gibbosus","Lgib_4"
"532",3.240634887,"UL","L. gibbosus","Lgib_4"
"533",2.111908029,"UR","L. gibbosus","Lgib_4"
"534",3.809323203,"UR","L. gibbosus","Lgib_4"
"535",3.678144771,"UR","L. gibbosus","Lgib_4"
"536",3.704868846,"UR","L. gibbosus","Lgib_4"
"537",4.031785191,"UR","L. gibbosus","Lgib_4"
"538",3.984593907,"UL","L. gibbosus","Lgib_4"
"539",4.359338991,"UL","L. gibbosus","Lgib_4"
"540",5.024842011,"UL","L. gibbosus","Lgib_4"
"541",3.75421767,"UL","L. gibbosus","Lgib_4"
"542",4.312059444,"UL","L. gibbosus","Lgib_4"
"543",3.933332718,"UL","L. gibbosus","Lgib_4"
"544",4.783619232,"UL","L. gibbosus","Lgib_4"
"545",3.491703894,"UR","L. gibbosus","Lgib_4"
"546",2.603974254,"UR","L. gibbosus","Lgib_4"
"547",5.09552106,"UR","L. gibbosus","Lgib_4"
"548",4.062137856,"UR","L. gibbosus","Lgib_4"
"549",3.984593907,"UL","L. gibbosus","Lgib_4"
"550",3.284580054,"UL","L. gibbosus","Lgib_4"
"551",4.695728898,"UL","L. gibbosus","Lgib_4"
"552",5.083801695,"UL","L. gibbosus","Lgib_4"
"553",4.153862727,"UL","L. gibbosus","Lgib_4"
"554",4.608534861,"UL","L. gibbosus","Lgib_4"
"555",2.80921515,"UL","L. gibbosus","Lgib_4"
"556",3.491703894,"LR","L. gibbosus","Lgib_4"
"557",3.849973218,"LR","L. gibbosus","Lgib_4"
"558",3.347884239,"LR","L. gibbosus","Lgib_4"
"559",2.887259256,"LR","L. gibbosus","Lgib_4"
"560",4.703839287,"LL","L. gibbosus","Lgib_4"
"561",3.692188395,"LL","L. gibbosus","Lgib_4"
"562",5.366360979,"LL","L. gibbosus","Lgib_4"
"563",4.091980557,"LL","L. gibbosus","Lgib_4"
"564",4.52838225,"LL","L. gibbosus","Lgib_4"
"565",2.260484079,"LR","L. gibbosus","Lgib_4"
"566",3.20286813,"LR","L. gibbosus","Lgib_4"
"567",3.942296316,"LR","L. gibbosus","Lgib_4"
"568",3.043484766,"LL","L. gibbosus","Lgib_4"
"569",3.462498648,"LL","L. gibbosus","Lgib_4"
"570",4.273841565,"LL","L. gibbosus","Lgib_4"
"571",4.023360978,"LL","L. gibbosus","Lgib_4"
"572",3.74313576,"LR","L. gibbosus","Lgib_4"
"573",3.690540819,"LR","L. gibbosus","Lgib_4"
"574",3.500765562,"LL","L. gibbosus","Lgib_4"
"575",4.192865166,"LL","L. gibbosus","Lgib_4"
"576",4.833605511,"LR","L. gibbosus","Lgib_4"
"577",1.689961854,"UR","L. gibbosus","Lgib_5"
"578",1.839234201,"UR","L. gibbosus","Lgib_5"
"579",1.298319309,"UR","L. gibbosus","Lgib_5"
"580",1.782147654,"UR","L. gibbosus","Lgib_5"
"581",1.772723127,"UL","L. gibbosus","Lgib_5"
"582",1.778077749,"UR","L. gibbosus","Lgib_5"
"583",1.582810572,"UR","L. gibbosus","Lgib_5"
"584",2.970795282,"UR","L. gibbosus","Lgib_5"
"585",2.719598784,"UR","L. gibbosus","Lgib_5"
"586",3.325779261,"UR","L. gibbosus","Lgib_5"
"587",2.597011284,"UR","L. gibbosus","Lgib_5"
"588",1.798584186,"UL","L. gibbosus","Lgib_5"
"589",1.781186568,"UL","L. gibbosus","Lgib_5"
"590",1.39014225,"UL","L. gibbosus","Lgib_5"
"591",3.5766129,"UR","L. gibbosus","Lgib_5"
"592",4.564001274,"UR","L. gibbosus","Lgib_5"
"593",4.153499868,"UR","L. gibbosus","Lgib_5"
"594",3.563344029,"UR","L. gibbosus","Lgib_5"
"595",3.874598595,"UL","L. gibbosus","Lgib_5"
"596",1.277538276,"UL","L. gibbosus","Lgib_5"
"597",3.232171446,"UL","L. gibbosus","Lgib_5"
"598",3.294926439,"UL","L. gibbosus","Lgib_5"
"599",2.148390069,"UL","L. gibbosus","Lgib_5"
"600",4.332291285,"LR","L. gibbosus","Lgib_5"
"601",4.72383576,"LR","L. gibbosus","Lgib_5"
"602",3.60828951,"LR","L. gibbosus","Lgib_5"
"603",3.086282514,"LL","L. gibbosus","Lgib_5"
"604",4.848659256,"LL","L. gibbosus","Lgib_5"
"605",4.565236956,"LL","L. gibbosus","Lgib_5"
"606",3.388573482,"LL","L. gibbosus","Lgib_5"
"607",3.664405164,"LL","L. gibbosus","Lgib_5"
"608",3.930125829,"LR","L. gibbosus","Lgib_5"
"609",1.759169853,"LL","L. gibbosus","Lgib_5"
"610",3.813216582,"LL","L. gibbosus","Lgib_5"
"611",3.629070543,"LL","L. gibbosus","Lgib_5"
"612",3.653607657,"LR","L. gibbosus","Lgib_5"
"613",3.250981272,"LR","L. gibbosus","Lgib_5"
"614",3.593461326,"LL","L. gibbosus","Lgib_5"
"615",2.911982703,"LL","L. gibbosus","Lgib_5"
"616",2.167199895,"UR","L. macrochirus","Lmac_1"
"617",2.633218728,"UR","L. macrochirus","Lmac_1"
"618",3.049986807,"UR","L. macrochirus","Lmac_1"
"619",2.455613958,"UR","L. macrochirus","Lmac_1"
"620",2.271467919,"UR","L. macrochirus","Lmac_1"
"621",2.65298964,"UR","L. macrochirus","Lmac_1"
"622",2.648144982,"UR","L. macrochirus","Lmac_1"
"623",2.942560929,"UR","L. macrochirus","Lmac_1"
"624",2.36956734,"UR","L. macrochirus","Lmac_1"
"625",2.471452263,"UR","L. macrochirus","Lmac_1"
"626",3.096628899,"UL","L. macrochirus","Lmac_1"
"627",3.806812611,"UL","L. macrochirus","Lmac_1"
"628",3.752197428,"UL","L. macrochirus","Lmac_1"
"629",3.604906095,"UL","L. macrochirus","Lmac_1"
"630",3.433067841,"UL","L. macrochirus","Lmac_1"
"631",2.897880237,"UL","L. macrochirus","Lmac_1"
"632",3.837616398,"UL","L. macrochirus","Lmac_1"
"633",4.85260167,"UL","L. macrochirus","Lmac_1"
"634",4.590087894,"UL","L. macrochirus","Lmac_1"
"635",3.596844741,"UL","L. macrochirus","Lmac_1"
"636",2.459095443,"UR","L. macrochirus","Lmac_1"
"637",2.438088849,"UR","L. macrochirus","Lmac_1"
"638",2.211733482,"UR","L. macrochirus","Lmac_1"
"639",3.11627232,"UR","L. macrochirus","Lmac_1"
"640",3.326504979,"UR","L. macrochirus","Lmac_1"
"641",3.799123923,"UR","L. macrochirus","Lmac_1"
"642",2.956928184,"UR","L. macrochirus","Lmac_1"
"643",3.701485431,"UR","L. macrochirus","Lmac_1"
"644",3.892270809,"UR","L. macrochirus","Lmac_1"
"645",3.850198779,"UR","L. macrochirus","Lmac_1"
"646",3.906275205,"UL","L. macrochirus","Lmac_1"
"647",4.338469695,"UL","L. macrochirus","Lmac_1"
"648",3.830015973,"UL","L. macrochirus","Lmac_1"
"649",3.379600077,"UL","L. macrochirus","Lmac_1"
"650",4.471393773,"UL","L. macrochirus","Lmac_1"
"651",5.868038064,"UL","L. macrochirus","Lmac_1"
"652",3.33849894,"UL","L. macrochirus","Lmac_1"
"653",6.101670225,"UL","L. macrochirus","Lmac_1"
"654",6.418014624,"UL","L. macrochirus","Lmac_1"
"655",5.29234755,"UL","L. macrochirus","Lmac_1"
"656",1.557998862,"UR","L. macrochirus","Lmac_1"
"657",3.146115021,"UR","L. macrochirus","Lmac_1"
"658",3.060421455,"UR","L. macrochirus","Lmac_1"
"659",2.72605179,"UR","L. macrochirus","Lmac_1"
"660",2.981416263,"UR","L. macrochirus","Lmac_1"
"661",4.170299259,"UR","L. macrochirus","Lmac_1"
"662",4.432214808,"UR","L. macrochirus","Lmac_1"
"663",4.108593615,"UR","L. macrochirus","Lmac_1"
"664",4.38049269,"UR","L. macrochirus","Lmac_1"
"665",4.45002432,"UR","L. macrochirus","Lmac_1"
"666",4.142055099,"UR","L. macrochirus","Lmac_1"
"667",4.633895763,"UL","L. macrochirus","Lmac_1"
"668",4.504306065,"UL","L. macrochirus","Lmac_1"
"669",4.883817351,"UL","L. macrochirus","Lmac_1"
"670",5.851101375,"UL","L. macrochirus","Lmac_1"
"671",6.327701961,"UL","L. macrochirus","Lmac_1"
"672",6.076446621,"UL","L. macrochirus","Lmac_1"
"673",5.095746621,"UL","L. macrochirus","Lmac_1"
"674",5.812010673,"UL","L. macrochirus","Lmac_1"
"675",4.84093134,"UL","L. macrochirus","Lmac_1"
"676",5.443630332,"UL","L. macrochirus","Lmac_1"
"677",3.655941723,"LR","L. macrochirus","Lmac_1"
"678",4.549673247,"LR","L. macrochirus","Lmac_1"
"679",3.636945564,"LR","L. macrochirus","Lmac_1"
"680",3.737879208,"LR","L. macrochirus","Lmac_1"
"681",4.260474624,"LR","L. macrochirus","Lmac_1"
"682",4.277548611,"LR","L. macrochirus","Lmac_1"
"683",4.892143494,"LR","L. macrochirus","Lmac_1"
"684",3.902018967,"LL","L. macrochirus","Lmac_1"
"685",4.09079391,"LL","L. macrochirus","Lmac_1"
"686",3.996175974,"LL","L. macrochirus","Lmac_1"
"687",5.727376263,"LL","L. macrochirus","Lmac_1"
"688",5.576917269,"LL","L. macrochirus","Lmac_1"
"689",5.198376876,"LL","L. macrochirus","Lmac_1"
"690",3.209644767,"LL","L. macrochirus","Lmac_1"
"691",4.72256085,"LL","L. macrochirus","Lmac_1"
"692",4.679665032,"LR","L. macrochirus","Lmac_1"
"693",2.863732263,"LR","L. macrochirus","Lmac_1"
"694",3.079143018,"LR","L. macrochirus","Lmac_1"
"695",3.566953005,"LR","L. macrochirus","Lmac_1"
"696",3.699239628,"LR","L. macrochirus","Lmac_1"
"697",4.047574461,"LR","L. macrochirus","Lmac_1"
"698",3.177830859,"LL","L. macrochirus","Lmac_1"
"699",4.24829433,"LL","L. macrochirus","Lmac_1"
"700",3.582016557,"LL","L. macrochirus","Lmac_1"
"701",3.343167072,"LL","L. macrochirus","Lmac_1"
"702",5.902284108,"LL","L. macrochirus","Lmac_1"
"703",3.993930171,"LL","L. macrochirus","Lmac_1"
"704",2.389524585,"LL","L. macrochirus","Lmac_1"
"705",2.308185327,"LR","L. macrochirus","Lmac_1"
"706",2.480837562,"LR","L. macrochirus","Lmac_1"
"707",4.098659124,"LR","L. macrochirus","Lmac_1"
"708",2.62964898,"LR","L. macrochirus","Lmac_1"
"709",3.420524688,"LR","L. macrochirus","Lmac_1"
"710",2.924476821,"LL","L. macrochirus","Lmac_1"
"711",2.932028211,"LL","L. macrochirus","Lmac_1"
"712",3.048662862,"LL","L. macrochirus","Lmac_1"
"713",4.009856739,"LL","L. macrochirus","Lmac_1"
"714",4.66881849,"LL","L. macrochirus","Lmac_1"
"715",3.169455681,"LL","L. macrochirus","Lmac_1"
"716",3.406981221,"LR","L. macrochirus","Lmac_1"
"717",1.709595468,"LR","L. macrochirus","Lmac_1"
"718",3.289434519,"LR","L. macrochirus","Lmac_1"
"719",2.428242621,"LL","L. macrochirus","Lmac_1"
"720",2.620400979,"LL","L. macrochirus","Lmac_1"
"721",3.153303552,"LL","L. macrochirus","Lmac_1"
"722",2.583879711,"LL","L. macrochirus","Lmac_1"
"723",3.803282091,"LR","L. macrochirus","Lmac_1"
"724",1.586929512,"LR","L. macrochirus","Lmac_1"
"725",3.224110092,"LL","L. macrochirus","Lmac_1"
"726",2.989203021,"LL","L. macrochirus","Lmac_1"
"727",3.074112027,"LL","L. macrochirus","Lmac_1"
"728",2.781529989,"LR","L. macrochirus","Lmac_1"
"729",3.565079868,"LL","L. macrochirus","Lmac_1"
"730",2.896232661,"LL","L. macrochirus","Lmac_1"
"731",2.713096743,"UR","L. macrochirus","Lmac_2"
"732",3.150734118,"UR","L. macrochirus","Lmac_2"
"733",2.398811814,"UR","L. macrochirus","Lmac_2"
"734",2.118498333,"UR","L. macrochirus","Lmac_2"
"735",1.746352104,"UR","L. macrochirus","Lmac_2"
"736",1.47144228,"UR","L. macrochirus","Lmac_2"
"737",1.761278358,"UR","L. macrochirus","Lmac_2"
"738",1.452622647,"UL","L. macrochirus","Lmac_2"
"739",1.571454066,"UL","L. macrochirus","Lmac_2"
"740",1.800182727,"UR","L. macrochirus","Lmac_2"
"741",2.624480691,"UR","L. macrochirus","Lmac_2"
"742",3.21189057,"UR","L. macrochirus","Lmac_2"
"743",2.558518809,"UR","L. macrochirus","Lmac_2"
"744",1.711703973,"UR","L. macrochirus","Lmac_2"
"745",1.765858227,"UR","L. macrochirus","Lmac_2"
"746",2.105405988,"UR","L. macrochirus","Lmac_2"
"747",2.361280425,"UL","L. macrochirus","Lmac_2"
"748",1.968627759,"UL","L. macrochirus","Lmac_2"
"749",2.096108952,"UL","L. macrochirus","Lmac_2"
"750",3.297162435,"UR","L. macrochirus","Lmac_2"
"751",3.317256978,"UR","L. macrochirus","Lmac_2"
"752",4.038973722,"UR","L. macrochirus","Lmac_2"
"753",2.46106665,"UR","L. macrochirus","Lmac_2"
"754",2.601816714,"UR","L. macrochirus","Lmac_2"
"755",3.036717936,"UR","L. macrochirus","Lmac_2"
"756",3.076995285,"UL","L. macrochirus","Lmac_2"
"757",2.787610329,"UL","L. macrochirus","Lmac_2"
"758",2.176585194,"UL","L. macrochirus","Lmac_2"
"759",1.611868713,"UL","L. macrochirus","Lmac_2"
"760",2.642417694,"UL","L. macrochirus","Lmac_2"
"761",3.402950544,"UR","L. macrochirus","Lmac_2"
"762",3.695483547,"UR","L. macrochirus","Lmac_2"
"763",2.591842995,"UR","L. macrochirus","Lmac_2"
"764",1.797711363,"UR","L. macrochirus","Lmac_2"
"765",3.496872183,"UR","L. macrochirus","Lmac_2"
"766",3.597070302,"UL","L. macrochirus","Lmac_2"
"767",3.146526915,"UL","L. macrochirus","Lmac_2"
"768",3.140162172,"UL","L. macrochirus","Lmac_2"
"769",1.741183815,"UL","L. macrochirus","Lmac_2"
"770",3.777381804,"UL","L. macrochirus","Lmac_2"
"771",2.927771973,"UL","L. macrochirus","Lmac_2"
"772",2.119910541,"UL","L. macrochirus","Lmac_2"
"773",2.45900718,"LR","L. macrochirus","Lmac_2"
"774",3.467715972,"LR","L. macrochirus","Lmac_2"
"775",3.173398095,"LR","L. macrochirus","Lmac_2"
"776",2.975424186,"LR","L. macrochirus","Lmac_2"
"777",3.62201931,"LR","L. macrochirus","Lmac_2"
"778",3.39086832,"LL","L. macrochirus","Lmac_2"
"779",3.786345402,"LL","L. macrochirus","Lmac_2"
"780",3.690815415,"LL","L. macrochirus","Lmac_2"
"781",2.14312371,"LL","L. macrochirus","Lmac_2"
"782",2.392133247,"LL","L. macrochirus","Lmac_2"
"783",3.93525489,"LL","L. macrochirus","Lmac_2"
"784",2.96475417,"LL","L. macrochirus","Lmac_2"
"785",3.296299419,"LR","L. macrochirus","Lmac_2"
"786",2.660413539,"LR","L. macrochirus","Lmac_2"
"787",2.496675867,"LR","L. macrochirus","Lmac_2"
"788",2.93317563,"LR","L. macrochirus","Lmac_2"
"789",2.357063415,"LL","L. macrochirus","Lmac_2"
"790",3.592088346,"LL","L. macrochirus","Lmac_2"
"791",2.334271947,"LL","L. macrochirus","Lmac_2"
"792",1.924868925,"LL","L. macrochirus","Lmac_2"
"793",2.397164238,"LL","L. macrochirus","Lmac_2"
"794",2.729346942,"LR","L. macrochirus","Lmac_2"
"795",3.399282726,"LR","L. macrochirus","Lmac_2"
"796",2.325484875,"LR","L. macrochirus","Lmac_2"
"797",2.45145579,"LR","L. macrochirus","Lmac_2"
"798",2.992772769,"LL","L. macrochirus","Lmac_2"
"799",2.10595518,"LL","L. macrochirus","Lmac_2"
"800",1.876677327,"LL","L. macrochirus","Lmac_2"
"801",2.753599653,"LR","L. macrochirus","Lmac_2"
"802",2.625069111,"LR","L. macrochirus","Lmac_2"
"803",3.396448503,"LR","L. macrochirus","Lmac_2"
"804",2.048044845,"LL","L. macrochirus","Lmac_2"
"805",2.507022252,"UR","L. macrochirus","Lmac_3"
"806",2.818512186,"UR","L. macrochirus","Lmac_3"
"807",2.671397379,"UR","L. macrochirus","Lmac_3"
"808",2.055007815,"UR","L. macrochirus","Lmac_3"
"809",2.491507578,"UR","L. macrochirus","Lmac_3"
"810",4.407501168,"UR","L. macrochirus","Lmac_3"
"811",3.436637589,"UR","L. macrochirus","Lmac_3"
"812",3.714342408,"UR","L. macrochirus","Lmac_3"
"813",3.566590146,"UR","L. macrochirus","Lmac_3"
"814",2.524870992,"UL","L. macrochirus","Lmac_3"
"815",2.25600228,"UL","L. macrochirus","Lmac_3"
"816",4.859378307,"UR","L. macrochirus","Lmac_3"
"817",5.020311177,"UR","L. macrochirus","Lmac_3"
"818",4.5641778,"UR","L. macrochirus","Lmac_3"
"819",4.070140368,"UR","L. macrochirus","Lmac_3"
"820",3.55670469,"UL","L. macrochirus","Lmac_3"
"821",3.053968449,"UL","L. macrochirus","Lmac_3"
"822",2.816501751,"UL","L. macrochirus","Lmac_3"
"823",5.183676183,"UR","L. macrochirus","Lmac_3"
"824",6.157099389,"UR","L. macrochirus","Lmac_3"
"825",6.913876158,"UR","L. macrochirus","Lmac_3"
"826",4.235613879,"UR","L. macrochirus","Lmac_3"
"827",6.465205908,"UL","L. macrochirus","Lmac_3"
"828",5.052311418,"UL","L. macrochirus","Lmac_3"
"829",3.917906307,"UL","L. macrochirus","Lmac_3"
"830",4.73148522,"UL","L. macrochirus","Lmac_3"
"831",4.452858543,"UL","L. macrochirus","Lmac_3"
"832",5.148429825,"LR","L. macrochirus","Lmac_3"
"833",5.625079446,"LR","L. macrochirus","Lmac_3"
"834",5.574220344,"LR","L. macrochirus","Lmac_3"
"835",5.709027366,"LR","L. macrochirus","Lmac_3"
"836",7.269723153,"LL","L. macrochirus","Lmac_3"
"837",8.020635336,"LL","L. macrochirus","Lmac_3"
"838",6.940060848,"LL","L. macrochirus","Lmac_3"
"839",6.336900927,"LL","L. macrochirus","Lmac_3"
"840",7.386446067,"LL","L. macrochirus","Lmac_3"
"841",5.520026862,"LL","L. macrochirus","Lmac_3"
"842",5.171280135,"LR","L. macrochirus","Lmac_3"
"843",5.200573644,"LR","L. macrochirus","Lmac_3"
"844",5.206153827,"LR","L. macrochirus","Lmac_3"
"845",5.244420741,"LR","L. macrochirus","Lmac_3"
"846",5.936608608,"LL","L. macrochirus","Lmac_3"
"847",5.538513057,"LL","L. macrochirus","Lmac_3"
"848",6.718373613,"LL","L. macrochirus","Lmac_3"
"849",6.547594515,"LL","L. macrochirus","Lmac_3"
"850",4.735917984,"LL","L. macrochirus","Lmac_3"
"851",3.444012453,"LL","L. macrochirus","Lmac_3"
"852",4.452358386,"LR","L. macrochirus","Lmac_3"
"853",4.476199203,"LR","L. macrochirus","Lmac_3"
"854",4.658011176,"LR","L. macrochirus","Lmac_3"
"855",2.329054623,"LR","L. macrochirus","Lmac_3"
"856",4.568022144,"LL","L. macrochirus","Lmac_3"
"857",4.545593535,"LL","L. macrochirus","Lmac_3"
"858",5.65226445,"LL","L. macrochirus","Lmac_3"
"859",3.943581033,"LR","L. macrochirus","Lmac_3"
"860",3.844432263,"LR","L. macrochirus","Lmac_3"
"861",5.630335998,"LR","L. macrochirus","Lmac_3"
"862",3.444012453,"LR","L. macrochirus","Lmac_3"
"863",1.507875285,"UR","L. macrochirus","Lmac_4"
"864",2.090577804,"UR","L. macrochirus","Lmac_4"
"865",2.064618675,"UR","L. macrochirus","Lmac_4"
"866",2.230827711,"UR","L. macrochirus","Lmac_4"
"867",2.561176506,"UR","L. macrochirus","Lmac_4"
"868",2.951485299,"UR","L. macrochirus","Lmac_4"
"869",1.993262943,"UR","L. macrochirus","Lmac_4"
"870",2.25727719,"UR","L. macrochirus","Lmac_4"
"871",3.192345219,"UR","L. macrochirus","Lmac_4"
"872",1.492860768,"UL","L. macrochirus","Lmac_4"
"873",1.84234302,"UL","L. macrochirus","Lmac_4"
"874",1.692894147,"UL","L. macrochirus","Lmac_4"
"875",2.561176506,"UR","L. macrochirus","Lmac_4"
"876",4.831771602,"UR","L. macrochirus","Lmac_4"
"877",2.393682753,"UR","L. macrochirus","Lmac_4"
"878",1.980072528,"UR","L. macrochirus","Lmac_4"
"879",3.438422463,"UR","L. macrochirus","Lmac_4"
"880",3.102258117,"UR","L. macrochirus","Lmac_4"
"881",2.636052951,"UL","L. macrochirus","Lmac_4"
"882",1.488967389,"UL","L. macrochirus","Lmac_4"
"883",2.425133802,"UL","L. macrochirus","Lmac_4"
"884",1.853650491,"UL","L. macrochirus","Lmac_4"
"885",1.635582039,"UL","L. macrochirus","Lmac_4"
"886",1.61727237,"UL","L. macrochirus","Lmac_4"
"887",4.283766249,"UR","L. macrochirus","Lmac_4"
"888",2.861996424,"UR","L. macrochirus","Lmac_4"
"889",3.834684105,"UR","L. macrochirus","Lmac_4"
"890",4.118851737,"UR","L. macrochirus","Lmac_4"
"891",4.252462305,"UR","L. macrochirus","Lmac_4"
"892",2.921917194,"UL","L. macrochirus","Lmac_4"
"893",3.326328453,"UL","L. macrochirus","Lmac_4"
"894",2.07977049,"UL","L. macrochirus","Lmac_4"
"895",1.411295949,"UL","L. macrochirus","Lmac_4"
"896",2.766790068,"UL","L. macrochirus","Lmac_4"
"897",3.231435921,"UL","L. macrochirus","Lmac_4"
"898",2.300996796,"LR","L. macrochirus","Lmac_4"
"899",2.710939203,"LR","L. macrochirus","Lmac_4"
"900",4.18435269,"LR","L. macrochirus","Lmac_4"
"901",2.002501137,"LR","L. macrochirus","Lmac_4"
"902",3.734074092,"LL","L. macrochirus","Lmac_4"
"903",2.358161799,"LL","L. macrochirus","Lmac_4"
"904",2.742664848,"LL","L. macrochirus","Lmac_4"
"905",1.587017775,"LL","L. macrochirus","Lmac_4"
"906",2.716391895,"LL","L. macrochirus","Lmac_4"
"907",2.740879974,"LL","L. macrochirus","Lmac_4"
"908",3.252128691,"LR","L. macrochirus","Lmac_4"
"909",4.763936583,"LR","L. macrochirus","Lmac_4"
"910",2.811098094,"LR","L. macrochirus","Lmac_4"
"911",2.587214091,"LL","L. macrochirus","Lmac_4"
"912",2.620450014,"LL","L. macrochirus","Lmac_4"
"913",1.764661773,"LL","L. macrochirus","Lmac_4"
"914",1.850218041,"LL","L. macrochirus","Lmac_4"
"915",3.737231946,"LR","L. macrochirus","Lmac_4"
"916",1.679203575,"LR","L. macrochirus","Lmac_4"
"917",2.774929878,"LL","L. macrochirus","Lmac_4"
"918",2.216450649,"LL","L. macrochirus","Lmac_4"
"919",2.321130567,"LL","L. macrochirus","Lmac_4"
"920",2.602052082,"LR","L. macrochirus","Lmac_4"
"921",2.723443128,"LR","L. macrochirus","Lmac_4"
"922",2.53334424,"LL","L. macrochirus","Lmac_4"
"923",1.25804196,"LL","L. macrochirus","Lmac_4"
"924",2.529499896,"UR","L. macrochirus","Lmac_5"
"925",2.035825323,"UR","L. macrochirus","Lmac_5"
"926",1.623313482,"UR","L. macrochirus","Lmac_5"
"927",2.07839751,"UR","L. macrochirus","Lmac_5"
"928",2.150263206,"UR","L. macrochirus","Lmac_5"
"929",1.949817933,"UR","L. macrochirus","Lmac_5"
"930",2.259385695,"UR","L. macrochirus","Lmac_5"
"931",2.055782568,"UR","L. macrochirus","Lmac_5"
"932",2.452593402,"UR","L. macrochirus","Lmac_5"
"933",2.779470519,"UR","L. macrochirus","Lmac_5"
"934",1.96002702,"UL","L. macrochirus","Lmac_5"
"935",3.321150357,"UR","L. macrochirus","Lmac_5"
"936",3.682950201,"UR","L. macrochirus","Lmac_5"
"937",3.723776742,"UR","L. macrochirus","Lmac_5"
"938",3.233819022,"UR","L. macrochirus","Lmac_5"
"939",2.341637004,"UR","L. macrochirus","Lmac_5"
"940",3.832212741,"UL","L. macrochirus","Lmac_5"
"941",2.553889905,"UL","L. macrochirus","Lmac_5"
"942",4.61723367,"UR","L. macrochirus","Lmac_5"
"943",4.993449804,"UR","L. macrochirus","Lmac_5"
"944",3.045730569,"UR","L. macrochirus","Lmac_5"
"945",3.7845213,"UR","L. macrochirus","Lmac_5"
"946",4.620342489,"UL","L. macrochirus","Lmac_5"
"947",2.754011547,"UL","L. macrochirus","Lmac_5"
"948",3.63722016,"UL","L. macrochirus","Lmac_5"
"949",3.187814385,"UL","L. macrochirus","Lmac_5"
"950",2.658530595,"UL","L. macrochirus","Lmac_5"
"951",2.815854489,"UL","L. macrochirus","Lmac_5"
"952",4.559921562,"LR","L. macrochirus","Lmac_5"
"953",3.338449905,"LR","L. macrochirus","Lmac_5"
"954",5.632395468,"LR","L. macrochirus","Lmac_5"
"955",5.522635524,"LR","L. macrochirus","Lmac_5"
"956",5.413787631,"LL","L. macrochirus","Lmac_5"
"957",5.921917722,"LL","L. macrochirus","Lmac_5"
"958",5.306999208,"LL","L. macrochirus","Lmac_5"
"959",3.607328424,"LL","L. macrochirus","Lmac_5"
"960",4.428144903,"LL","L. macrochirus","Lmac_5"
"961",3.401616792,"LL","L. macrochirus","Lmac_5"
"962",4.958703603,"LR","L. macrochirus","Lmac_5"
"963",5.878659045,"LR","L. macrochirus","Lmac_5"
"964",5.537601006,"LR","L. macrochirus","Lmac_5"
"965",3.570248157,"LR","L. macrochirus","Lmac_5"
"966",3.560274438,"LL","L. macrochirus","Lmac_5"
"967",3.971589825,"LL","L. macrochirus","Lmac_5"
"968",5.116253058,"LL","L. macrochirus","Lmac_5"
"969",2.982475419,"LL","L. macrochirus","Lmac_5"
"970",2.597786037,"LL","L. macrochirus","Lmac_5"
"971",3.456369273,"LL","L. macrochirus","Lmac_5"
"972",4.21524474,"LR","L. macrochirus","Lmac_5"
"973",4.737987261,"LR","L. macrochirus","Lmac_5"
"974",3.654882567,"LR","L. macrochirus","Lmac_5"
"975",3.547182093,"LR","L. macrochirus","Lmac_5"
"976",3.296387682,"LL","L. macrochirus","Lmac_5"
"977",2.807292978,"LL","L. macrochirus","Lmac_5"
"978",3.204839337,"LL","L. macrochirus","Lmac_5"
"979",2.66819049,"LR","L. macrochirus","Lmac_5"
"980",3.414758172,"LR","L. macrochirus","Lmac_5"
"981",3.865350594,"LR","L. macrochirus","Lmac_5"
"982",3.117047073,"LR","L. macrochirus","Lmac_5"
"983",3.29103306,"LL","L. macrochirus","Lmac_5"
"984",2.551085103,"UR","Mi. salmoides","Msal_1"
"985",3.487300551,"UR","Mi. salmoides","Msal_1"
"986",3.893379,"UR","Mi. salmoides","Msal_1"
"987",3.740664396,"UR","Mi. salmoides","Msal_1"
"988",3.570542367,"UR","Mi. salmoides","Msal_1"
"989",3.485741238,"UR","Mi. salmoides","Msal_1"
"990",3.143172921,"UR","Mi. salmoides","Msal_1"
"991",2.401253757,"UR","Mi. salmoides","Msal_1"
"992",3.869704902,"UL","Mi. salmoides","Msal_1"
"993",1.942188087,"UL","Mi. salmoides","Msal_1"
"994",2.053281783,"UL","Mi. salmoides","Msal_1"
"995",3.495352098,"UL","Mi. salmoides","Msal_1"
"996",4.367920116,"UR","Mi. salmoides","Msal_1"
"997",4.221746781,"UR","Mi. salmoides","Msal_1"
"998",3.056537883,"UR","Mi. salmoides","Msal_1"
"999",3.34506963,"UR","Mi. salmoides","Msal_1"
"1000",4.036345446,"UR","Mi. salmoides","Msal_1"
"1001",5.327486031,"UR","Mi. salmoides","Msal_1"
"1002",4.820111079,"UR","Mi. salmoides","Msal_1"
"1003",3.770242308,"UR","Mi. salmoides","Msal_1"
"1004",4.658472105,"UL","Mi. salmoides","Msal_1"
"1005",4.988448234,"UL","Mi. salmoides","Msal_1"
"1006",4.0748085,"UL","Mi. salmoides","Msal_1"
"1007",3.703750848,"UL","Mi. salmoides","Msal_1"
"1008",3.322356618,"UL","Mi. salmoides","Msal_1"
"1009",3.388112553,"UL","Mi. salmoides","Msal_1"
"1010",2.823955071,"UL","Mi. salmoides","Msal_1"
"1011",4.601591505,"UR","Mi. salmoides","Msal_1"
"1012",3.001579455,"UR","Mi. salmoides","Msal_1"
"1013",3.122431116,"UR","Mi. salmoides","Msal_1"
"1014",3.955015995,"UR","Mi. salmoides","Msal_1"
"1015",2.204162478,"UR","Mi. salmoides","Msal_1"
"1016",4.101503154,"UR","Mi. salmoides","Msal_1"
"1017",3.102875958,"UR","Mi. salmoides","Msal_1"
"1018",4.123206045,"UR","Mi. salmoides","Msal_1"
"1019",1.887376764,"UL","Mi. salmoides","Msal_1"
"1020",4.689236664,"UL","Mi. salmoides","Msal_1"
"1021",4.877854695,"UL","Mi. salmoides","Msal_1"
"1022",3.204211689,"UL","Mi. salmoides","Msal_1"
"1023",5.151234627,"UL","Mi. salmoides","Msal_1"
"1024",4.031667507,"UL","Mi. salmoides","Msal_1"
"1025",4.379600253,"UL","Mi. salmoides","Msal_1"
"1026",3.769967712,"UR","Mi. salmoides","Msal_1"
"1027",5.864125071,"UR","Mi. salmoides","Msal_1"
"1028",6.053968977,"UR","Mi. salmoides","Msal_1"
"1029",4.162267326,"UR","Mi. salmoides","Msal_1"
"1030",4.10874072,"UR","Mi. salmoides","Msal_1"
"1031",5.091058875,"UR","Mi. salmoides","Msal_1"
"1032",4.434362541,"UR","Mi. salmoides","Msal_1"
"1033",4.654117797,"UL","Mi. salmoides","Msal_1"
"1034",4.002550524,"UL","Mi. salmoides","Msal_1"
"1035",2.910364548,"UL","Mi. salmoides","Msal_1"
"1036",3.512798751,"UL","Mi. salmoides","Msal_1"
"1037",3.987987129,"UL","Mi. salmoides","Msal_1"
"1038",3.545867955,"UL","Mi. salmoides","Msal_1"
"1039",3.372499809,"UL","Mi. salmoides","Msal_1"
"1040",5.877217416,"UR","Mi. salmoides","Msal_1"
"1041",3.663640218,"UR","Mi. salmoides","Msal_1"
"1042",2.870852145,"UR","Mi. salmoides","Msal_1"
"1043",4.0532331,"UR","Mi. salmoides","Msal_1"
"1044",2.812873161,"UR","Mi. salmoides","Msal_1"
"1045",4.99205721,"UR","Mi. salmoides","Msal_1"
"1046",4.924339875,"UL","Mi. salmoides","Msal_1"
"1047",4.935323715,"UL","Mi. salmoides","Msal_1"
"1048",4.02557736,"UL","Mi. salmoides","Msal_1"
"1049",4.793416425,"UL","Mi. salmoides","Msal_1"
"1050",2.603238729,"UL","Mi. salmoides","Msal_1"
"1051",4.579614018,"UL","Mi. salmoides","Msal_1"
"1052",4.781324394,"UL","Mi. salmoides","Msal_1"
"1053",5.186902686,"LR","Mi. salmoides","Msal_1"
"1054",3.842049162,"LR","Mi. salmoides","Msal_1"
"1055",4.53171663,"LR","Mi. salmoides","Msal_1"
"1056",3.708566085,"LR","Mi. salmoides","Msal_1"
"1057",3.428958708,"LR","Mi. salmoides","Msal_1"
"1058",4.817414154,"LR","Mi. salmoides","Msal_1"
"1059",3.954094137,"LL","Mi. salmoides","Msal_1"
"1060",4.960056969,"LL","Mi. salmoides","Msal_1"
"1061",5.723404428,"LL","Mi. salmoides","Msal_1"
"1062",4.84122555,"LL","Mi. salmoides","Msal_1"
"1063",3.757924716,"LL","Mi. salmoides","Msal_1"
"1064",4.922643264,"LL","Mi. salmoides","Msal_1"
"1065",3.686765124,"LL","Mi. salmoides","Msal_1"
"1066",4.731504834,"LR","Mi. salmoides","Msal_1"
"1067",6.768644295,"LR","Mi. salmoides","Msal_1"
"1068",4.528323408,"LR","Mi. salmoides","Msal_1"
"1069",3.999206337,"LR","Mi. salmoides","Msal_1"
"1070",4.416690327,"LR","Mi. salmoides","Msal_1"
"1071",3.169269348,"LR","Mi. salmoides","Msal_1"
"1072",3.219000645,"LL","Mi. salmoides","Msal_1"
"1073",4.644046008,"LL","Mi. salmoides","Msal_1"
"1074",3.496823148,"LL","Mi. salmoides","Msal_1"
"1075",4.976032572,"LL","Mi. salmoides","Msal_1"
"1076",3.824278878,"LL","Mi. salmoides","Msal_1"
"1077",3.706545843,"LL","Mi. salmoides","Msal_1"
"1078",4.770703413,"LL","Mi. salmoides","Msal_1"
"1079",4.16267922,"LR","Mi. salmoides","Msal_1"
"1080",5.56400145,"LR","Mi. salmoides","Msal_1"
"1081",4.149763401,"LR","Mi. salmoides","Msal_1"
"1082",4.099580982,"LR","Mi. salmoides","Msal_1"
"1083",4.290895938,"LR","Mi. salmoides","Msal_1"
"1084",3.115379883,"LL","Mi. salmoides","Msal_1"
"1085",4.221109326,"LL","Mi. salmoides","Msal_1"
"1086",4.415631171,"LL","Mi. salmoides","Msal_1"
"1087",2.816305611,"LL","Mi. salmoides","Msal_1"
"1088",3.942786666,"LL","Mi. salmoides","Msal_1"
"1089",3.731318325,"LL","Mi. salmoides","Msal_1"
"1090",4.435823784,"LL","Mi. salmoides","Msal_1"
"1091",3.754492266,"LR","Mi. salmoides","Msal_1"
"1092",2.37858978,"LR","Mi. salmoides","Msal_1"
"1093",4.517702427,"LR","Mi. salmoides","Msal_1"
"1094",1.256600331,"LR","Mi. salmoides","Msal_1"
"1095",2.34181353,"LR","Mi. salmoides","Msal_1"
"1096",2.751785358,"LL","Mi. salmoides","Msal_1"
"1097",2.923966857,"LL","Mi. salmoides","Msal_1"
"1098",2.589410859,"LL","Mi. salmoides","Msal_1"
"1099",1.575072849,"LL","Mi. salmoides","Msal_1"
"1100",3.078976299,"LL","Mi. salmoides","Msal_1"
"1101",2.582173293,"LL","Mi. salmoides","Msal_1"
"1102",3.125314374,"LL","Mi. salmoides","Msal_1"
"1103",1.899194199,"LR","Mi. salmoides","Msal_1"
"1104",2.17989996,"LR","Mi. salmoides","Msal_1"
"1105",2.153881989,"LR","Mi. salmoides","Msal_1"
"1106",2.036335287,"LR","Mi. salmoides","Msal_1"
"1107",1.886602011,"LL","Mi. salmoides","Msal_1"
"1108",2.035334973,"LL","Mi. salmoides","Msal_1"
"1109",1.875696627,"LL","Mi. salmoides","Msal_1"
"1110",3.185529354,"LL","Mi. salmoides","Msal_1"
"1111",3.419249778,"LL","Mi. salmoides","Msal_1"
"1112",0.907520166,"LR","Mi. salmoides","Msal_1"
"1113",2.108642298,"LR","Mi. salmoides","Msal_1"
"1114",2.052369732,"LR","Mi. salmoides","Msal_1"
"1115",1.152969762,"LL","Mi. salmoides","Msal_1"
"1116",2.390309145,"LL","Mi. salmoides","Msal_1"
"1117",4.554204081,"LL","Mi. salmoides","Msal_1"
"1118",2.03240268,"LL","Mi. salmoides","Msal_1"
"1119",1.567109565,"LR","Mi. salmoides","Msal_1"
"1120",1.619949681,"UR","Mi. salmoides","Msal_2"
"1121",5.269654152,"UR","Mi. salmoides","Msal_2"
"1122",4.906579398,"UR","Mi. salmoides","Msal_2"
"1123",6.547574901,"UR","Mi. salmoides","Msal_2"
"1124",7.444425051,"UR","Mi. salmoides","Msal_2"
"1125",4.333046424,"UR","Mi. salmoides","Msal_2"
"1126",7.688344755,"UR","Mi. salmoides","Msal_2"
"1127",5.488958286,"UR","Mi. salmoides","Msal_2"
"1128",7.580722737,"UR","Mi. salmoides","Msal_2"
"1129",7.708086246,"UR","Mi. salmoides","Msal_2"
"1130",6.72024675,"UR","Mi. salmoides","Msal_2"
"1131",6.286630245,"UR","Mi. salmoides","Msal_2"
"1132",6.370440867,"UL","Mi. salmoides","Msal_2"
"1133",5.869989657,"UL","Mi. salmoides","Msal_2"
"1134",5.511386895,"UL","Mi. salmoides","Msal_2"
"1135",5.372853213,"UL","Mi. salmoides","Msal_2"
"1136",4.997715849,"UL","Mi. salmoides","Msal_2"
"1137",4.876962258,"UL","Mi. salmoides","Msal_2"
"1138",5.888446431,"UL","Mi. salmoides","Msal_2"
"1139",5.720599626,"UR","Mi. salmoides","Msal_2"
"1140",8.753031903,"UR","Mi. salmoides","Msal_2"
"1141",8.981495775,"UR","Mi. salmoides","Msal_2"
"1142",5.671907871,"UR","Mi. salmoides","Msal_2"
"1143",8.15912979,"UR","Mi. salmoides","Msal_2"
"1144",7.787120859,"UR","Mi. salmoides","Msal_2"
"1145",7.833890442,"UL","Mi. salmoides","Msal_2"
"1146",8.885720613,"UL","Mi. salmoides","Msal_2"
"1147",7.451564547,"UL","Mi. salmoides","Msal_2"
"1148",6.281138325,"UL","Mi. salmoides","Msal_2"
"1149",4.83465486,"UL","Mi. salmoides","Msal_2"
"1150",5.53104993,"UL","Mi. salmoides","Msal_2"
"1151",4.335684507,"UL","Mi. salmoides","Msal_2"
"1152",9.39304653,"LR","Mi. salmoides","Msal_2"
"1153",9.546094572,"LR","Mi. salmoides","Msal_2"
"1154",8.167838406,"LR","Mi. salmoides","Msal_2"
"1155",6.899744271,"LR","Mi. salmoides","Msal_2"
"1156",8.06007909,"LR","Mi. salmoides","Msal_2"
"1157",7.268713032,"LR","Mi. salmoides","Msal_2"
"1158",7.847345646,"LL","Mi. salmoides","Msal_2"
"1159",8.318660259,"LL","Mi. salmoides","Msal_2"
"1160",5.947415922,"LL","Mi. salmoides","Msal_2"
"1161",7.116861444,"LL","Mi. salmoides","Msal_2"
"1162",6.128619861,"LL","Mi. salmoides","Msal_2"
"1163",6.581928822,"LL","Mi. salmoides","Msal_2"
"1164",9.48591882,"LL","Mi. salmoides","Msal_2"
"1165",7.929498885,"LR","Mi. salmoides","Msal_2"
"1166",4.608917334,"LR","Mi. salmoides","Msal_2"
"1167",6.238830927,"LR","Mi. salmoides","Msal_2"
"1168",5.071837155,"LR","Mi. salmoides","Msal_2"
"1169",6.656854302,"LR","Mi. salmoides","Msal_2"
"1170",5.269830678,"LL","Mi. salmoides","Msal_2"
"1171",5.149390911,"LL","Mi. salmoides","Msal_2"
"1172",7.416190698,"LL","Mi. salmoides","Msal_2"
"1173",3.885052857,"LR","Mi. salmoides","Msal_2"
"1174",4.302311286,"LR","Mi. salmoides","Msal_2"
"1175",6.203398236,"LR","Mi. salmoides","Msal_2"
"1176",6.722747535,"LR","Mi. salmoides","Msal_2"
"1177",6.580094913,"UR","Mi. salmoides","Msal_3"
"1178",5.266613982,"UR","Mi. salmoides","Msal_3"
"1179",3.099708297,"UR","Mi. salmoides","Msal_3"
"1180",6.207556404,"UR","Mi. salmoides","Msal_3"
"1181",4.813618845,"UR","Mi. salmoides","Msal_3"
"1182",4.531314543,"UR","Mi. salmoides","Msal_3"
"1183",7.436285241,"UR","Mi. salmoides","Msal_3"
"1184",7.258484331,"UR","Mi. salmoides","Msal_3"
"1185",6.164395797,"UR","Mi. salmoides","Msal_3"
"1186",4.963234437,"UR","Mi. salmoides","Msal_3"
"1187",4.971580194,"UR","Mi. salmoides","Msal_3"
"1188",6.951613494,"UR","Mi. salmoides","Msal_3"
"1189",5.722472763,"UL","Mi. salmoides","Msal_3"
"1190",3.76961466,"UL","Mi. salmoides","Msal_3"
"1191",4.122990291,"UL","Mi. salmoides","Msal_3"
"1192",8.248785384,"UR","Mi. salmoides","Msal_3"
"1193",7.456928976,"UR","Mi. salmoides","Msal_3"
"1194",7.924585578,"UR","Mi. salmoides","Msal_3"
"1195",7.36427244,"UR","Mi. salmoides","Msal_3"
"1196",6.610163175,"UR","Mi. salmoides","Msal_3"
"1197",7.661091102,"UR","Mi. salmoides","Msal_3"
"1198",4.69804335,"UL","Mi. salmoides","Msal_3"
"1199",4.728062577,"UL","Mi. salmoides","Msal_3"
"1200",3.837469293,"UL","Mi. salmoides","Msal_3"
"1201",4.715333091,"UL","Mi. salmoides","Msal_3"
"1202",5.134248903,"UL","Mi. salmoides","Msal_3"
"1203",5.393800965,"UL","Mi. salmoides","Msal_3"
"1204",7.73703651,"UL","Mi. salmoides","Msal_3"
"1205",4.21416597,"UL","Mi. salmoides","Msal_3"
"1206",5.820003378,"UR","Mi. salmoides","Msal_3"
"1207",6.330457728,"UR","Mi. salmoides","Msal_3"
"1208",7.695670584,"UR","Mi. salmoides","Msal_3"
"1209",7.284796512,"UR","Mi. salmoides","Msal_3"
"1210",6.063883854,"UL","Mi. salmoides","Msal_3"
"1211",4.734044847,"UL","Mi. salmoides","Msal_3"
"1212",5.83643991,"UL","Mi. salmoides","Msal_3"
"1213",4.729494399,"UL","Mi. salmoides","Msal_3"
"1214",6.552399945,"UL","Mi. salmoides","Msal_3"
"1215",6.744901548,"UL","Mi. salmoides","Msal_3"
"1216",6.259553118,"UL","Mi. salmoides","Msal_3"
"1217",7.449603147,"UL","Mi. salmoides","Msal_3"
"1218",4.742223885,"LR","Mi. salmoides","Msal_3"
"1219",7.515584643,"LR","Mi. salmoides","Msal_3"
"1220",10.01397674,"LR","Mi. salmoides","Msal_3"
"1221",6.702682413,"LR","Mi. salmoides","Msal_3"
"1222",8.154657798,"LR","Mi. salmoides","Msal_3"
"1223",6.683921622,"LL","Mi. salmoides","Msal_3"
"1224",2.633356026,"LL","Mi. salmoides","Msal_3"
"1225",3.98105358,"LL","Mi. salmoides","Msal_3"
"1226",3.175840038,"LL","Mi. salmoides","Msal_3"
"1227",3.276891366,"LL","Mi. salmoides","Msal_3"
"1228",3.587645775,"LL","Mi. salmoides","Msal_3"
"1229",3.646350477,"LL","Mi. salmoides","Msal_3"
"1230",4.999912617,"LL","Mi. salmoides","Msal_3"
"1231",1.95139686,"LR","Mi. salmoides","Msal_3"
"1232",6.363919212,"LR","Mi. salmoides","Msal_3"
"1233",3.70479039,"LR","Mi. salmoides","Msal_3"
"1234",3.526754112,"LR","Mi. salmoides","Msal_3"
"1235",3.973374699,"LR","Mi. salmoides","Msal_3"
"1236",4.589617158,"LR","Mi. salmoides","Msal_3"
"1237",4.946660607,"LL","Mi. salmoides","Msal_3"
"1238",4.563658029,"LL","Mi. salmoides","Msal_3"
"1239",5.522645331,"LL","Mi. salmoides","Msal_3"
"1240",6.822945654,"LL","Mi. salmoides","Msal_3"
"1241",7.107839004,"LL","Mi. salmoides","Msal_3"
"1242",3.405196347,"LR","Mi. salmoides","Msal_3"
"1243",2.215371879,"LR","Mi. salmoides","Msal_3"
"1244",1.953936873,"LR","Mi. salmoides","Msal_3"
"1245",3.05517471,"LR","Mi. salmoides","Msal_3"
"1246",2.928340779,"LR","Mi. salmoides","Msal_3"
"1247",4.009023144,"LL","Mi. salmoides","Msal_3"
"1248",6.059372634,"LL","Mi. salmoides","Msal_3"
"1249",3.056822286,"LR","Mi. salmoides","Msal_3"
"1250",2.736368754,"LR","Mi. salmoides","Msal_3"
"1251",3.21090987,"LR","Mi. salmoides","Msal_3"
"1252",2.230033344,"LR","Mi. salmoides","Msal_3"
"1253",3.192904218,"UR","Mi. salmoides","Msal_4"
"1254",5.691070749,"UR","Mi. salmoides","Msal_4"
"1255",3.845246244,"UR","Mi. salmoides","Msal_4"
"1256",8.48119167,"UR","Mi. salmoides","Msal_4"
"1257",6.893889492,"UR","Mi. salmoides","Msal_4"
"1258",6.462067668,"UR","Mi. salmoides","Msal_4"
"1259",6.495303591,"UR","Mi. salmoides","Msal_4"
"1260",9.957066714,"UR","Mi. salmoides","Msal_4"
"1261",5.20496718,"UL","Mi. salmoides","Msal_4"
"1262",5.284482336,"UL","Mi. salmoides","Msal_4"
"1263",8.327153121,"UR","Mi. salmoides","Msal_4"
"1264",8.579693178,"UR","Mi. salmoides","Msal_4"
"1265",6.505041942,"UR","Mi. salmoides","Msal_4"
"1266",4.907295309,"UL","Mi. salmoides","Msal_4"
"1267",5.888887746,"UL","Mi. salmoides","Msal_4"
"1268",5.223904497,"UL","Mi. salmoides","Msal_4"
"1269",6.493430454,"UL","Mi. salmoides","Msal_4"
"1270",4.545828903,"UL","Mi. salmoides","Msal_4"
"1271",4.748206155,"LR","Mi. salmoides","Msal_4"
"1272",4.018496706,"LR","Mi. salmoides","Msal_4"
"1273",4.684058568,"LR","Mi. salmoides","Msal_4"
"1274",6.456389415,"LL","Mi. salmoides","Msal_4"
"1275",6.346756962,"LL","Mi. salmoides","Msal_4"
"1276",5.565443079,"LL","Mi. salmoides","Msal_4"
"1277",7.618254126,"LL","Mi. salmoides","Msal_4"
"1278",4.813618845,"LL","Mi. salmoides","Msal_4"
"1279",3.521487753,"LR","Mi. salmoides","Msal_4"
"1280",6.008621409,"LR","Mi. salmoides","Msal_4"
"1281",2.950769388,"LR","Mi. salmoides","Msal_4"
"1282",5.135494392,"LL","Mi. salmoides","Msal_4"
"1283",7.028137515,"LL","Mi. salmoides","Msal_4"
"1284",5.287659804,"LL","Mi. salmoides","Msal_4"
"1285",7.423467492,"LL","Mi. salmoides","Msal_4"
"1286",5.909570709,"LL","Mi. salmoides","Msal_4"
"1287",5.217647631,"LR","Mi. salmoides","Msal_4"
"1288",6.232436763,"LR","Mi. salmoides","Msal_4"
"1289",3.968637918,"LR","Mi. salmoides","Msal_4"
"1290",5.310892587,"LL","Mi. salmoides","Msal_4"
"1291",2.972746875,"LR","Mi. salmoides","Msal_4"
"1292",4.401352179,"LR","Mi. salmoides","Msal_4"
"1293",4.021713402,"LR","Mi. salmoides","Msal_4"
"1294",3.326455944,"UR","Mo. saxatilis","Msax_1"
"1295",3.267662979,"UR","Mo. saxatilis","Msax_1"
"1296",4.02391017,"UR","Mo. saxatilis","Msax_1"
"1297",3.402960351,"UR","Mo. saxatilis","Msax_1"
"1298",3.775430211,"UR","Mo. saxatilis","Msax_1"
"1299",6.152372415,"UR","Mo. saxatilis","Msax_1"
"1300",4.801526814,"UR","Mo. saxatilis","Msax_1"
"1301",3.337753608,"UR","Mo. saxatilis","Msax_1"
"1302",5.171642994,"UR","Mo. saxatilis","Msax_1"
"1303",4.198563033,"UL","Mo. saxatilis","Msax_1"
"1304",2.987624094,"UR","Mo. saxatilis","Msax_1"
"1305",4.293573249,"UR","Mo. saxatilis","Msax_1"
"1306",3.0215367,"UR","Mo. saxatilis","Msax_1"
"1307",4.962283158,"UR","Mo. saxatilis","Msax_1"
"1308",4.9927437,"UR","Mo. saxatilis","Msax_1"
"1309",3.742615989,"UR","Mo. saxatilis","Msax_1"
"1310",7.005708906,"UR","Mo. saxatilis","Msax_1"
"1311",5.587253847,"UR","Mo. saxatilis","Msax_1"
"1312",3.767957277,"UR","Mo. saxatilis","Msax_1"
"1313",3.203613462,"UR","Mo. saxatilis","Msax_1"
"1314",4.332614916,"UL","Mo. saxatilis","Msax_1"
"1315",6.078819915,"UL","Mo. saxatilis","Msax_1"
"1316",7.306881876,"UL","Mo. saxatilis","Msax_1"
"1317",4.196395686,"UL","Mo. saxatilis","Msax_1"
"1318",5.252276148,"UL","Mo. saxatilis","Msax_1"
"1319",5.096080059,"UL","Mo. saxatilis","Msax_1"
"1320",4.706447949,"UL","Mo. saxatilis","Msax_1"
"1321",9.979034394,"UL","Mo. saxatilis","Msax_1"
"1322",5.730514503,"UL","Mo. saxatilis","Msax_1"
"1323",3.882081336,"UL","Mo. saxatilis","Msax_1"
"1324",3.828309555,"UR","Mo. saxatilis","Msax_1"
"1325",4.246185825,"UR","Mo. saxatilis","Msax_1"
"1326",4.239213048,"UR","Mo. saxatilis","Msax_1"
"1327",5.009170425,"UR","Mo. saxatilis","Msax_1"
"1328",5.985653415,"UR","Mo. saxatilis","Msax_1"
"1329",3.321836847,"UR","Mo. saxatilis","Msax_1"
"1330",4.18278357,"UR","Mo. saxatilis","Msax_1"
"1331",4.202436798,"UR","Mo. saxatilis","Msax_1"
"1332",3.198729576,"UR","Mo. saxatilis","Msax_1"
"1333",3.432214632,"UL","Mo. saxatilis","Msax_1"
"1334",3.768604539,"UL","Mo. saxatilis","Msax_1"
"1335",4.613252028,"UL","Mo. saxatilis","Msax_1"
"1336",6.344177721,"UL","Mo. saxatilis","Msax_1"
"1337",7.278892698,"UL","Mo. saxatilis","Msax_1"
"1338",2.976061641,"UL","Mo. saxatilis","Msax_1"
"1339",3.363036054,"UL","Mo. saxatilis","Msax_1"
"1340",7.200171909,"UL","Mo. saxatilis","Msax_1"
"1341",6.731063871,"UL","Mo. saxatilis","Msax_1"
"1342",4.988605146,"UL","Mo. saxatilis","Msax_1"
"1343",7.447161204,"UL","Mo. saxatilis","Msax_1"
"1344",4.942541667,"LR","Mo. saxatilis","Msax_1"
"1345",3.905186628,"LR","Mo. saxatilis","Msax_1"
"1346",3.502952523,"LR","Mo. saxatilis","Msax_1"
"1347",4.623686676,"LR","Mo. saxatilis","Msax_1"
"1348",5.778519768,"LR","Mo. saxatilis","Msax_1"
"1349",8.31682635,"LR","Mo. saxatilis","Msax_1"
"1350",4.516535394,"LR","Mo. saxatilis","Msax_1"
"1351",7.053008067,"LR","Mo. saxatilis","Msax_1"
"1352",3.885945294,"LL","Mo. saxatilis","Msax_1"
"1353",6.813383829,"LL","Mo. saxatilis","Msax_1"
"1354",3.77510658,"LL","Mo. saxatilis","Msax_1"
"1355",7.651990206,"LL","Mo. saxatilis","Msax_1"
"1356",5.615919708,"LL","Mo. saxatilis","Msax_1"
"1357",5.662551993,"LL","Mo. saxatilis","Msax_1"
"1358",5.253256848,"LL","Mo. saxatilis","Msax_1"
"1359",5.297604102,"LL","Mo. saxatilis","Msax_1"
"1360",8.571435684,"LL","Mo. saxatilis","Msax_1"
"1361",7.350081711,"LL","Mo. saxatilis","Msax_1"
"1362",4.517182656,"LR","Mo. saxatilis","Msax_1"
"1363",5.904078789,"LR","Mo. saxatilis","Msax_1"
"1364",6.379306395,"LR","Mo. saxatilis","Msax_1"
"1365",6.368695221,"LR","Mo. saxatilis","Msax_1"
"1366",4.253609724,"LR","Mo. saxatilis","Msax_1"
"1367",5.096335041,"LR","Mo. saxatilis","Msax_1"
"1368",4.97469882,"LR","Mo. saxatilis","Msax_1"
"1369",4.713665901,"LR","Mo. saxatilis","Msax_1"
"1370",3.046956444,"LL","Mo. saxatilis","Msax_1"
"1371",4.016662797,"LL","Mo. saxatilis","Msax_1"
"1372",6.527058657,"LL","Mo. saxatilis","Msax_1"
"1373",6.655971672,"LL","Mo. saxatilis","Msax_1"
"1374",2.727297279,"LL","Mo. saxatilis","Msax_1"
"1375",3.436362993,"LL","Mo. saxatilis","Msax_1"
"1376",3.767584611,"LL","Mo. saxatilis","Msax_1"
"1377",6.275116827,"LR","Mo. saxatilis","Msax_1"
"1378",2.438559585,"LR","Mo. saxatilis","Msax_1"
"1379",4.02950016,"LR","Mo. saxatilis","Msax_1"
"1380",2.856710451,"LR","Mo. saxatilis","Msax_1"
"1381",2.334183684,"LR","Mo. saxatilis","Msax_1"
"1382",4.132944396,"LR","Mo. saxatilis","Msax_1"
"1383",3.429027357,"LR","Mo. saxatilis","Msax_1"
"1384",2.341744881,"LL","Mo. saxatilis","Msax_1"
"1385",4.504266837,"LL","Mo. saxatilis","Msax_1"
"1386",3.815854665,"LL","Mo. saxatilis","Msax_1"
"1387",1.847315169,"LL","Mo. saxatilis","Msax_1"
"1388",3.26651556,"LR","Mo. saxatilis","Msax_1"
"1389",2.932018404,"LR","Mo. saxatilis","Msax_1"
"1390",3.196699527,"LR","Mo. saxatilis","Msax_1"
"1391",5.925713031,"LR","Mo. saxatilis","Msax_1"
"1392",2.685705792,"LR","Mo. saxatilis","Msax_1"
"1393",2.407500816,"LR","Mo. saxatilis","Msax_1"
"1394",4.161168942,"UR","Mo. saxatilis","Msax_2"
"1395",3.397880325,"UR","Mo. saxatilis","Msax_2"
"1396",3.493194558,"UR","Mo. saxatilis","Msax_2"
"1397",4.967971218,"UR","Mo. saxatilis","Msax_2"
"1398",4.52465559,"UR","Mo. saxatilis","Msax_2"
"1399",4.539532809,"UR","Mo. saxatilis","Msax_2"
"1400",4.26447588,"UR","Mo. saxatilis","Msax_2"
"1401",2.656628037,"UR","Mo. saxatilis","Msax_2"
"1402",2.938883304,"UR","Mo. saxatilis","Msax_2"
"1403",4.547643198,"UR","Mo. saxatilis","Msax_2"
"1404",4.556253744,"UR","Mo. saxatilis","Msax_2"
"1405",3.701612922,"UR","Mo. saxatilis","Msax_2"
"1406",3.704388303,"UR","Mo. saxatilis","Msax_2"
"1407",2.557312548,"UR","Mo. saxatilis","Msax_2"
"1408",4.530157317,"UR","Mo. saxatilis","Msax_2"
"1409",4.011926016,"UR","Mo. saxatilis","Msax_2"
"1410",2.619812559,"UR","Mo. saxatilis","Msax_2"
"1411",3.305616069,"UL","Mo. saxatilis","Msax_2"
"1412",3.088145844,"UL","Mo. saxatilis","Msax_2"
"1413",4.455859485,"UL","Mo. saxatilis","Msax_2"
"1414",3.816158682,"UL","Mo. saxatilis","Msax_2"
"1415",2.169671259,"UL","Mo. saxatilis","Msax_2"
"1416",3.118880982,"UL","Mo. saxatilis","Msax_2"
"1417",3.744283179,"UR","Mo. saxatilis","Msax_2"
"1418",3.008110917,"UR","Mo. saxatilis","Msax_2"
"1419",4.465372275,"UR","Mo. saxatilis","Msax_2"
"1420",4.687765614,"UR","Mo. saxatilis","Msax_2"
"1421",3.919446006,"UR","Mo. saxatilis","Msax_2"
"1422",4.085733498,"UR","Mo. saxatilis","Msax_2"
"1423",5.135808216,"UR","Mo. saxatilis","Msax_2"
"1424",3.299231712,"UR","Mo. saxatilis","Msax_2"
"1425",5.295564246,"UL","Mo. saxatilis","Msax_2"
"1426",4.379198166,"UL","Mo. saxatilis","Msax_2"
"1427",4.198621875,"UL","Mo. saxatilis","Msax_2"
"1428",4.05087942,"UL","Mo. saxatilis","Msax_2"
"1429",3.592872906,"UL","Mo. saxatilis","Msax_2"
"1430",6.948622359,"UL","Mo. saxatilis","Msax_2"
"1431",6.644693622,"UL","Mo. saxatilis","Msax_2"
"1432",9.397155663,"UL","Mo. saxatilis","Msax_2"
"1433",8.578133865,"UL","Mo. saxatilis","Msax_2"
"1434",8.889290361,"UL","Mo. saxatilis","Msax_2"
"1435",8.585057607,"UL","Mo. saxatilis","Msax_2"
"1436",4.101405084,"LR","Mo. saxatilis","Msax_2"
"1437",4.775332317,"LR","Mo. saxatilis","Msax_2"
"1438",4.540425246,"LR","Mo. saxatilis","Msax_2"
"1439",5.808078066,"LR","Mo. saxatilis","Msax_2"
"1440",6.442277142,"LR","Mo. saxatilis","Msax_2"
"1441",6.951436968,"LR","Mo. saxatilis","Msax_2"
"1442",4.384248771,"LR","Mo. saxatilis","Msax_2"
"1443",3.312990933,"LL","Mo. saxatilis","Msax_2"
"1444",3.754462845,"LL","Mo. saxatilis","Msax_2"
"1445",4.379109903,"LL","Mo. saxatilis","Msax_2"
"1446",5.628972825,"LL","Mo. saxatilis","Msax_2"
"1447",5.228101893,"LL","Mo. saxatilis","Msax_2"
"1448",6.543779592,"LL","Mo. saxatilis","Msax_2"
"1449",5.788591557,"LL","Mo. saxatilis","Msax_2"
"1450",5.129061,"LL","Mo. saxatilis","Msax_2"
"1451",4.480877142,"LL","Mo. saxatilis","Msax_2"
"1452",7.686961968,"LL","Mo. saxatilis","Msax_2"
"1453",7.827957207,"LL","Mo. saxatilis","Msax_2"
"1454",5.928831657,"LR","Mo. saxatilis","Msax_2"
"1455",5.073533766,"LR","Mo. saxatilis","Msax_2"
"1456",5.020909404,"LR","Mo. saxatilis","Msax_2"
"1457",3.221628921,"LR","Mo. saxatilis","Msax_2"
"1458",6.052801944,"LR","Mo. saxatilis","Msax_2"
"1459",6.258484155,"LR","Mo. saxatilis","Msax_2"
"1460",2.189912907,"LR","Mo. saxatilis","Msax_2"
"1461",4.683607446,"LL","Mo. saxatilis","Msax_2"
"1462",4.786629981,"LL","Mo. saxatilis","Msax_2"
"1463",4.263848232,"LL","Mo. saxatilis","Msax_2"
"1464",4.14581118,"LL","Mo. saxatilis","Msax_2"
"1465",3.357710853,"LL","Mo. saxatilis","Msax_2"
"1466",5.718991278,"LL","Mo. saxatilis","Msax_2"
"1467",6.108917598,"LL","Mo. saxatilis","Msax_2"
"1468",6.551546736,"LL","Mo. saxatilis","Msax_2"
"1469",5.904127824,"LL","Mo. saxatilis","Msax_2"
"1470",6.534168732,"LL","Mo. saxatilis","Msax_2"
"1471",6.265917861,"LR","Mo. saxatilis","Msax_2"
"1472",2.61503655,"LR","Mo. saxatilis","Msax_2"
"1473",3.566384199,"LR","Mo. saxatilis","Msax_2"
"1474",2.439550092,"LR","Mo. saxatilis","Msax_2"
"1475",1.632992991,"LR","Mo. saxatilis","Msax_2"
"1476",4.640093787,"LR","Mo. saxatilis","Msax_2"
"1477",4.316070507,"LR","Mo. saxatilis","Msax_2"
"1478",4.791101973,"LL","Mo. saxatilis","Msax_2"
"1479",5.551242543,"LL","Mo. saxatilis","Msax_2"
"1480",3.471138615,"LL","Mo. saxatilis","Msax_2"
"1481",3.942364965,"LL","Mo. saxatilis","Msax_2"
"1482",3.454201926,"LL","Mo. saxatilis","Msax_2"
"1483",3.684146655,"LR","Mo. saxatilis","Msax_2"
"1484",2.823445107,"LR","Mo. saxatilis","Msax_2"
"1485",1.875176856,"LR","Mo. saxatilis","Msax_2"
"1486",3.673025517,"LR","Mo. saxatilis","Msax_2"
"1487",4.035158799,"LR","Mo. saxatilis","Msax_2"
"1488",2.342970756,"LL","Mo. saxatilis","Msax_2"
"1489",3.596364198,"LL","Mo. saxatilis","Msax_2"
"1490",4.414405296,"LL","Mo. saxatilis","Msax_2"
"1491",3.537120111,"UR","Mo. saxatilis","Msax_3"
"1492",3.368655465,"UR","Mo. saxatilis","Msax_3"
"1493",3.096717162,"UR","Mo. saxatilis","Msax_3"
"1494",3.432852087,"UR","Mo. saxatilis","Msax_3"
"1495",2.99888253,"UR","Mo. saxatilis","Msax_3"
"1496",1.675977072,"UR","Mo. saxatilis","Msax_3"
"1497",1.899253041,"UR","Mo. saxatilis","Msax_3"
"1498",2.310352674,"UR","Mo. saxatilis","Msax_3"
"1499",3.115173936,"UR","Mo. saxatilis","Msax_3"
"1500",2.668514121,"UR","Mo. saxatilis","Msax_3"
"1501",4.730965449,"UR","Mo. saxatilis","Msax_3"
"1502",3.475022187,"UR","Mo. saxatilis","Msax_3"
"1503",4.004021574,"UR","Mo. saxatilis","Msax_3"
"1504",3.454113663,"UR","Mo. saxatilis","Msax_3"
"1505",3.648939525,"UL","Mo. saxatilis","Msax_3"
"1506",2.926065555,"UL","Mo. saxatilis","Msax_3"
"1507",3.420652179,"UL","Mo. saxatilis","Msax_3"
"1508",3.607975686,"UL","Mo. saxatilis","Msax_3"
"1509",2.226100737,"UR","Mo. saxatilis","Msax_3"
"1510",2.996558271,"UR","Mo. saxatilis","Msax_3"
"1511",2.757326313,"UR","Mo. saxatilis","Msax_3"
"1512",4.608064125,"UR","Mo. saxatilis","Msax_3"
"1513",2.998656969,"UR","Mo. saxatilis","Msax_3"
"1514",4.355926155,"UR","Mo. saxatilis","Msax_3"
"1515",5.116243251,"UR","Mo. saxatilis","Msax_3"
"1516",4.048868985,"UR","Mo. saxatilis","Msax_3"
"1517",2.964793398,"UL","Mo. saxatilis","Msax_3"
"1518",3.376206855,"UL","Mo. saxatilis","Msax_3"
"1519",5.460861231,"UL","Mo. saxatilis","Msax_3"
"1520",3.109358385,"UL","Mo. saxatilis","Msax_3"
"1521",4.154882655,"UL","Mo. saxatilis","Msax_3"
"1522",3.671240643,"UL","Mo. saxatilis","Msax_3"
"1523",5.061696717,"UL","Mo. saxatilis","Msax_3"
"1524",3.000000528,"UL","Mo. saxatilis","Msax_3"
"1525",7.725111198,"UL","Mo. saxatilis","Msax_3"
"1526",4.344040071,"UR","Mo. saxatilis","Msax_3"
"1527",4.474306452,"UR","Mo. saxatilis","Msax_3"
"1528",3.442541403,"UR","Mo. saxatilis","Msax_3"
"1529",5.227748841,"UR","Mo. saxatilis","Msax_3"
"1530",5.317227909,"UR","Mo. saxatilis","Msax_3"
"1531",3.728199699,"UR","Mo. saxatilis","Msax_3"
"1532",4.520409159,"UR","Mo. saxatilis","Msax_3"
"1533",3.387278958,"UR","Mo. saxatilis","Msax_3"
"1534",3.413375385,"UL","Mo. saxatilis","Msax_3"
"1535",1.181066817,"UL","Mo. saxatilis","Msax_3"
"1536",4.751923008,"UL","Mo. saxatilis","Msax_3"
"1537",3.957918867,"UL","Mo. saxatilis","Msax_3"
"1538",3.721089624,"UL","Mo. saxatilis","Msax_3"
"1539",2.009022792,"UL","Mo. saxatilis","Msax_3"
"1540",2.839842411,"UL","Mo. saxatilis","Msax_3"
"1541",5.652333099,"UL","Mo. saxatilis","Msax_3"
"1542",7.150862313,"UL","Mo. saxatilis","Msax_3"
"1543",3.749010153,"LR","Mo. saxatilis","Msax_3"
"1544",3.575985252,"LR","Mo. saxatilis","Msax_3"
"1545",2.348325378,"LR","Mo. saxatilis","Msax_3"
"1546",2.759248485,"LR","Mo. saxatilis","Msax_3"
"1547",4.039179669,"LR","Mo. saxatilis","Msax_3"
"1548",4.101405084,"LR","Mo. saxatilis","Msax_3"
"1549",3.87709938,"LL","Mo. saxatilis","Msax_3"
"1550",1.909305216,"LL","Mo. saxatilis","Msax_3"
"1551",3.502638699,"LL","Mo. saxatilis","Msax_3"
"1552",5.440805916,"LL","Mo. saxatilis","Msax_3"
"1553",3.757954137,"LL","Mo. saxatilis","Msax_3"
"1554",1.654127076,"LL","Mo. saxatilis","Msax_3"
"1555",4.927890009,"LL","Mo. saxatilis","Msax_3"
"1556",4.151626731,"LL","Mo. saxatilis","Msax_3"
"1557",5.284756932,"LL","Mo. saxatilis","Msax_3"
"1558",4.695317004,"LR","Mo. saxatilis","Msax_3"
"1559",4.759739187,"LR","Mo. saxatilis","Msax_3"
"1560",2.81500128,"LR","Mo. saxatilis","Msax_3"
"1561",4.078495932,"LR","Mo. saxatilis","Msax_3"
"1562",3.864811209,"LR","Mo. saxatilis","Msax_3"
"1563",3.866282259,"LR","Mo. saxatilis","Msax_3"
"1564",3.209075961,"LL","Mo. saxatilis","Msax_3"
"1565",1.703534742,"LL","Mo. saxatilis","Msax_3"
"1566",4.514426889,"LL","Mo. saxatilis","Msax_3"
"1567",5.478239235,"LL","Mo. saxatilis","Msax_3"
"1568",2.404843119,"LL","Mo. saxatilis","Msax_3"
"1569",2.687451438,"LL","Mo. saxatilis","Msax_3"
"1570",3.085635252,"LL","Mo. saxatilis","Msax_3"
"1571",2.244861528,"LR","Mo. saxatilis","Msax_3"
"1572",2.731945797,"LR","Mo. saxatilis","Msax_3"
"1573",3.099217947,"LR","Mo. saxatilis","Msax_3"
"1574",2.244812493,"LL","Mo. saxatilis","Msax_3"
"1575",3.678831261,"LL","Mo. saxatilis","Msax_3"
"1576",2.201171343,"LL","Mo. saxatilis","Msax_3"
"1577",1.887818079,"LL","Mo. saxatilis","Msax_3"
"1578",2.871646512,"LL","Mo. saxatilis","Msax_3"
"1579",1.271261796,"LL","Mo. saxatilis","Msax_3"
"1580",2.861731635,"LR","Mo. saxatilis","Msax_3"
"1581",3.277656312,"LR","Mo. saxatilis","Msax_3"
"1582",3.611104119,"LR","Mo. saxatilis","Msax_3"
"1583",3.135631338,"UR","P. flavescens","Pfla_1"
"1584",3.341156637,"UR","P. flavescens","Pfla_1"
"1585",2.246705244,"UR","P. flavescens","Pfla_1"
"1586",3.886092399,"UR","P. flavescens","Pfla_1"
"1587",3.102905379,"UR","P. flavescens","Pfla_1"
"1588",4.354631631,"UR","P. flavescens","Pfla_1"
"1589",3.499853511,"UR","P. flavescens","Pfla_1"
"1590",5.018987232,"UR","P. flavescens","Pfla_1"
"1591",6.416680872,"UR","P. flavescens","Pfla_1"
"1592",4.492498437,"UR","P. flavescens","Pfla_1"
"1593",5.342745723,"UR","P. flavescens","Pfla_1"
"1594",7.115145219,"UR","P. flavescens","Pfla_1"
"1595",5.939540901,"UR","P. flavescens","Pfla_1"
"1596",4.986898728,"UR","P. flavescens","Pfla_1"
"1597",3.063079152,"UL","P. flavescens","Pfla_1"
"1598",3.584840973,"UL","P. flavescens","Pfla_1"
"1599",7.822023972,"UR","P. flavescens","Pfla_1"
"1600",11.78034493,"UR","P. flavescens","Pfla_1"
"1601",7.463303526,"UR","P. flavescens","Pfla_1"
"1602",9.613968819,"UR","P. flavescens","Pfla_1"
"1603",8.152372767,"UR","P. flavescens","Pfla_1"
"1604",7.733319657,"UR","P. flavescens","Pfla_1"
"1605",8.718501456,"UR","P. flavescens","Pfla_1"
"1606",8.021419896,"UL","P. flavescens","Pfla_1"
"1607",5.773106304,"UL","P. flavescens","Pfla_1"
"1608",3.555684762,"UL","P. flavescens","Pfla_1"
"1609",3.464832714,"UL","P. flavescens","Pfla_1"
"1610",3.935696205,"UL","P. flavescens","Pfla_1"
"1611",7.097796636,"UR","P. flavescens","Pfla_1"
"1612",6.340245114,"UR","P. flavescens","Pfla_1"
"1613",8.52973632,"UR","P. flavescens","Pfla_1"
"1614",8.343383706,"UR","P. flavescens","Pfla_1"
"1615",10.79854654,"UR","P. flavescens","Pfla_1"
"1616",9.138800055,"UR","P. flavescens","Pfla_1"
"1617",8.158649247,"UR","P. flavescens","Pfla_1"
"1618",11.0599129,"UL","P. flavescens","Pfla_1"
"1619",9.263525481,"UL","P. flavescens","Pfla_1"
"1620",6.862134426,"UL","P. flavescens","Pfla_1"
"1621",7.143948378,"UL","P. flavescens","Pfla_1"
"1622",6.221570607,"UL","P. flavescens","Pfla_1"
"1623",6.163719114,"UL","P. flavescens","Pfla_1"
"1624",3.695728722,"UL","P. flavescens","Pfla_1"
"1625",5.665356795,"LR","P. flavescens","Pfla_1"
"1626",11.40949322,"LR","P. flavescens","Pfla_1"
"1627",9.730103313,"LR","P. flavescens","Pfla_1"
"1628",7.849630677,"LR","P. flavescens","Pfla_1"
"1629",8.278530015,"LR","P. flavescens","Pfla_1"
"1630",8.396665137,"LR","P. flavescens","Pfla_1"
"1631",9.825496002,"LL","P. flavescens","Pfla_1"
"1632",11.13656441,"LL","P. flavescens","Pfla_1"
"1633",8.126756883,"LL","P. flavescens","Pfla_1"
"1634",10.64556715,"LL","P. flavescens","Pfla_1"
"1635",8.381817339,"LL","P. flavescens","Pfla_1"
"1636",6.91599447,"LL","P. flavescens","Pfla_1"
"1637",7.413062265,"LL","P. flavescens","Pfla_1"
"1638",4.837077189,"LL","P. flavescens","Pfla_1"
"1639",5.495146503,"LL","P. flavescens","Pfla_1"
"1640",4.313304933,"LL","P. flavescens","Pfla_1"
"1641",3.94006032,"LR","P. flavescens","Pfla_1"
"1642",6.974257857,"LR","P. flavescens","Pfla_1"
"1643",5.287728453,"LR","P. flavescens","Pfla_1"
"1644",5.688697455,"LR","P. flavescens","Pfla_1"
"1645",8.107378251,"LR","P. flavescens","Pfla_1"
"1646",7.849944501,"LR","P. flavescens","Pfla_1"
"1647",5.55311568,"LL","P. flavescens","Pfla_1"
"1648",7.594276011,"LL","P. flavescens","Pfla_1"
"1649",6.700279698,"LL","P. flavescens","Pfla_1"
"1650",6.957291747,"LL","P. flavescens","Pfla_1"
"1651",8.741606748,"LL","P. flavescens","Pfla_1"
"1652",6.784472793,"LL","P. flavescens","Pfla_1"
"1653",5.754335706,"LL","P. flavescens","Pfla_1"
"1654",6.680381295,"LL","P. flavescens","Pfla_1"
"1655",6.437824764,"LL","P. flavescens","Pfla_1"
"1656",5.823563319,"LL","P. flavescens","Pfla_1"
"1657",4.602856608,"LR","P. flavescens","Pfla_1"
"1658",5.383797825,"LR","P. flavescens","Pfla_1"
"1659",5.12092119,"LR","P. flavescens","Pfla_1"
"1660",5.181302889,"LR","P. flavescens","Pfla_1"
"1661",4.390976373,"LR","P. flavescens","Pfla_1"
"1662",5.097256899,"LL","P. flavescens","Pfla_1"
"1663",6.306626718,"LL","P. flavescens","Pfla_1"
"1664",5.301507288,"LL","P. flavescens","Pfla_1"
"1665",5.239938942,"LL","P. flavescens","Pfla_1"
"1666",5.093491011,"UR","P. flavescens","Pfla_2"
"1667",4.080388683,"UR","P. flavescens","Pfla_2"
"1668",5.344609053,"UR","P. flavescens","Pfla_2"
"1669",5.016839499,"UR","P. flavescens","Pfla_2"
"1670",3.940364337,"UR","P. flavescens","Pfla_2"
"1671",5.1437715,"UR","P. flavescens","Pfla_2"
"1672",7.338891924,"UR","P. flavescens","Pfla_2"
"1673",5.509876617,"UR","P. flavescens","Pfla_2"
"1674",5.82427923,"UR","P. flavescens","Pfla_2"
"1675",6.647017881,"UR","P. flavescens","Pfla_2"
"1676",3.193492638,"UR","P. flavescens","Pfla_2"
"1677",4.262965602,"UR","P. flavescens","Pfla_2"
"1678",2.687176842,"UL","P. flavescens","Pfla_2"
"1679",10.37611982,"UR","P. flavescens","Pfla_2"
"1680",9.299007207,"UR","P. flavescens","Pfla_2"
"1681",7.696661091,"UR","P. flavescens","Pfla_2"
"1682",6.290484396,"UR","P. flavescens","Pfla_2"
"1683",6.414719472,"UR","P. flavescens","Pfla_2"
"1684",5.210537556,"UR","P. flavescens","Pfla_2"
"1685",8.115567096,"UL","P. flavescens","Pfla_2"
"1686",4.40079318,"UL","P. flavescens","Pfla_2"
"1687",3.921446634,"UL","P. flavescens","Pfla_2"
"1688",1.955290239,"UL","P. flavescens","Pfla_2"
"1689",6.390496182,"LR","P. flavescens","Pfla_2"
"1690",6.039591915,"LR","P. flavescens","Pfla_2"
"1691",10.26141715,"LR","P. flavescens","Pfla_2"
"1692",9.041112528,"LR","P. flavescens","Pfla_2"
"1693",8.79236778,"LR","P. flavescens","Pfla_2"
"1694",10.73247678,"LR","P. flavescens","Pfla_2"
"1695",6.580075299,"LL","P. flavescens","Pfla_2"
"1696",8.200780119,"LL","P. flavescens","Pfla_2"
"1697",7.534374855,"LL","P. flavescens","Pfla_2"
"1698",5.722717938,"LL","P. flavescens","Pfla_2"
"1699",3.197435052,"LL","P. flavescens","Pfla_2"
"1700",5.024665485,"LL","P. flavescens","Pfla_2"
"1701",4.823543529,"LL","P. flavescens","Pfla_2"
"1702",3.68566674,"LL","P. flavescens","Pfla_2"
"1703",7.262789604,"LR","P. flavescens","Pfla_2"
"1704",7.213509429,"LR","P. flavescens","Pfla_2"
"1705",6.99994239,"LR","P. flavescens","Pfla_2"
"1706",7.385690928,"LR","P. flavescens","Pfla_2"
"1707",6.789984327,"LR","P. flavescens","Pfla_2"
"1708",9.861379815,"LR","P. flavescens","Pfla_2"
"1709",6.701927274,"LL","P. flavescens","Pfla_2"
"1710",6.536983341,"LL","P. flavescens","Pfla_2"
"1711",6.933813789,"LL","P. flavescens","Pfla_2"
"1712",6.868930677,"LL","P. flavescens","Pfla_2"
"1713",6.798643908,"LL","P. flavescens","Pfla_2"
"1714",6.038591601,"LL","P. flavescens","Pfla_2"
"1715",5.322406005,"LL","P. flavescens","Pfla_2"
"1716",5.819287467,"LL","P. flavescens","Pfla_2"
"1717",2.503776135,"LR","P. flavescens","Pfla_2"
"1718",4.76365218,"LR","P. flavescens","Pfla_2"
"1719",5.780363484,"LR","P. flavescens","Pfla_2"
"1720",5.264015127,"LR","P. flavescens","Pfla_2"
"1721",5.725826757,"LR","P. flavescens","Pfla_2"
"1722",7.762554324,"LL","P. flavescens","Pfla_2"
"1723",7.501315458,"LL","P. flavescens","Pfla_2"
"1724",5.278951188,"LL","P. flavescens","Pfla_2"
"1725",4.570366017,"LL","P. flavescens","Pfla_2"
"1726",4.904510121,"LL","P. flavescens","Pfla_2"
"1727",4.901528793,"LL","P. flavescens","Pfla_2"
"1728",2.682136044,"UR","P. flavescens","Pfla_3"
"1729",3.359260359,"UR","P. flavescens","Pfla_3"
"1730",4.413110772,"UR","P. flavescens","Pfla_3"
"1731",3.614644446,"UR","P. flavescens","Pfla_3"
"1732",3.964175733,"UR","P. flavescens","Pfla_3"
"1733",2.545083219,"UR","P. flavescens","Pfla_3"
"1734",4.955702661,"UR","P. flavescens","Pfla_3"
"1735",6.451397652,"UR","P. flavescens","Pfla_3"
"1736",6.730504872,"UR","P. flavescens","Pfla_3"
"1737",2.549751351,"UR","P. flavescens","Pfla_3"
"1738",2.187676911,"UR","P. flavescens","Pfla_3"
"1739",4.754816073,"UL","P. flavescens","Pfla_3"
"1740",2.928595761,"UL","P. flavescens","Pfla_3"
"1741",3.33124176,"UL","P. flavescens","Pfla_3"
"1742",2.073013467,"UL","P. flavescens","Pfla_3"
"1743",3.968069112,"UL","P. flavescens","Pfla_3"
"1744",7.346168718,"UR","P. flavescens","Pfla_3"
"1745",7.961018583,"UR","P. flavescens","Pfla_3"
"1746",7.391231883,"UR","P. flavescens","Pfla_3"
"1747",6.575220834,"UR","P. flavescens","Pfla_3"
"1748",7.025999589,"UR","P. flavescens","Pfla_3"
"1749",6.297721962,"UR","P. flavescens","Pfla_3"
"1750",5.064736887,"UL","P. flavescens","Pfla_3"
"1751",5.822680689,"UL","P. flavescens","Pfla_3"
"1752",6.18566718,"UL","P. flavescens","Pfla_3"
"1753",6.920947005,"UL","P. flavescens","Pfla_3"
"1754",5.922231546,"UL","P. flavescens","Pfla_3"
"1755",3.924879084,"UL","P. flavescens","Pfla_3"
"1756",2.596550355,"UL","P. flavescens","Pfla_3"
"1757",6.74309706,"LR","P. flavescens","Pfla_3"
"1758",6.48272121,"LR","P. flavescens","Pfla_3"
"1759",7.047290586,"LR","P. flavescens","Pfla_3"
"1760",7.491331932,"LR","P. flavescens","Pfla_3"
"1761",7.079938089,"LL","P. flavescens","Pfla_3"
"1762",5.6547162,"LL","P. flavescens","Pfla_3"
"1763",6.157099389,"LL","P. flavescens","Pfla_3"
"1764",8.241812607,"LL","P. flavescens","Pfla_3"
"1765",6.332066076,"LL","P. flavescens","Pfla_3"
"1766",4.151322714,"LL","P. flavescens","Pfla_3"
"1767",5.45318235,"LL","P. flavescens","Pfla_3"
"1768",6.209027454,"LL","P. flavescens","Pfla_3"
"1769",3.082408749,"LL","P. flavescens","Pfla_3"
"1770",7.301978376,"LR","P. flavescens","Pfla_3"
"1771",4.467931902,"LR","P. flavescens","Pfla_3"
"1772",3.753119286,"LR","P. flavescens","Pfla_3"
"1773",6.956075679,"LR","P. flavescens","Pfla_3"
"1774",2.522056383,"LR","P. flavescens","Pfla_3"
"1775",5.032314945,"LL","P. flavescens","Pfla_3"
"1776",5.752344885,"LL","P. flavescens","Pfla_3"
"1777",3.602140521,"LL","P. flavescens","Pfla_3"
"1778",2.730131502,"LL","P. flavescens","Pfla_3"
"1779",4.655853636,"LL","P. flavescens","Pfla_3"
"1780",2.026724427,"LL","P. flavescens","Pfla_3"
"1781",2.762965338,"LL","P. flavescens","Pfla_3"
"1782",3.142025502,"LL","P. flavescens","Pfla_3"
"1783",3.074072799,"LL","P. flavescens","Pfla_3"
"1784",5.172064695,"LR","P. flavescens","Pfla_3"
"1785",4.633326957,"LR","P. flavescens","Pfla_3"
"1786",3.411325722,"LR","P. flavescens","Pfla_3"
"1787",4.634288043,"LR","P. flavescens","Pfla_3"
"1788",2.569306509,"LL","P. flavescens","Pfla_3"
"1789",1.872862404,"LL","P. flavescens","Pfla_3"
"1790",4.061019858,"LR","P. flavescens","Pfla_3"
"1791",4.040366316,"LR","P. flavescens","Pfla_3"
"1792",4.390309497,"LR","P. flavescens","Pfla_3"
"1793",5.046054552,"LL","P. flavescens","Pfla_3"
"1794",2.380688478,"UR","P. flavescens","Pfla_4"
"1795",2.517241146,"UR","P. flavescens","Pfla_4"
"1796",1.787502276,"UR","P. flavescens","Pfla_4"
"1797",2.23383846,"UR","P. flavescens","Pfla_4"
"1798",3.128472228,"UR","P. flavescens","Pfla_4"
"1799",2.728984083,"UR","P. flavescens","Pfla_4"
"1800",5.949112533,"UR","P. flavescens","Pfla_4"
"1801",2.107730247,"UR","P. flavescens","Pfla_4"
"1802",3.669132138,"UR","P. flavescens","Pfla_4"
"1803",3.098433387,"UR","P. flavescens","Pfla_4"
"1804",4.037483058,"UL","P. flavescens","Pfla_4"
"1805",6.276019071,"UR","P. flavescens","Pfla_4"
"1806",7.025999589,"UR","P. flavescens","Pfla_4"
"1807",6.532364244,"UR","P. flavescens","Pfla_4"
"1808",6.824279406,"UR","P. flavescens","Pfla_4"
"1809",4.463803155,"UL","P. flavescens","Pfla_4"
"1810",2.973600084,"UL","P. flavescens","Pfla_4"
"1811",4.465136907,"UL","P. flavescens","Pfla_4"
"1812",4.105023867,"UL","P. flavescens","Pfla_4"
"1813",4.737408648,"UL","P. flavescens","Pfla_4"
"1814",6.65159775,"LR","P. flavescens","Pfla_4"
"1815",7.324240266,"LR","P. flavescens","Pfla_4"
"1816",5.570915385,"LR","P. flavescens","Pfla_4"
"1817",8.145243078,"LR","P. flavescens","Pfla_4"
"1818",9.894164616,"LR","P. flavescens","Pfla_4"
"1819",10.25829853,"LL","P. flavescens","Pfla_4"
"1820",6.712322694,"LL","P. flavescens","Pfla_4"
"1821",8.10764304,"LL","P. flavescens","Pfla_4"
"1822",5.935922118,"LL","P. flavescens","Pfla_4"
"1823",7.944621279,"LL","P. flavescens","Pfla_4"
"1824",5.587126356,"LL","P. flavescens","Pfla_4"
"1825",1.955103906,"LL","P. flavescens","Pfla_4"
"1826",5.027185884,"LR","P. flavescens","Pfla_4"
"1827",4.635935619,"LR","P. flavescens","Pfla_4"
"1828",4.626501285,"LR","P. flavescens","Pfla_4"
"1829",7.036571535,"LR","P. flavescens","Pfla_4"
"1830",6.668132352,"LL","P. flavescens","Pfla_4"
"1831",7.161718662,"LL","P. flavescens","Pfla_4"
"1832",5.033687925,"LL","P. flavescens","Pfla_4"
"1833",6.54989916,"LL","P. flavescens","Pfla_4"
"1834",5.347776714,"LL","P. flavescens","Pfla_4"
"1835",4.586576988,"LL","P. flavescens","Pfla_4"
"1836",4.145595426,"LR","P. flavescens","Pfla_4"
"1837",4.602189732,"LR","P. flavescens","Pfla_4"
"1838",3.660482364,"LR","P. flavescens","Pfla_4"
"1839",5.074759641,"LR","P. flavescens","Pfla_4"
"1840",7.225238601,"LL","P. flavescens","Pfla_4"
"1841",7.125226815,"LL","P. flavescens","Pfla_4"
"1842",3.491468526,"LL","P. flavescens","Pfla_4"
